Barcode	annotation	y	x
AAACAAGTATCTCCCA-1		50	102
AAACAATCTACTAGCA-1		3	43
AAACACCAATAACTGC-1		59	19
AAACAGAGCGACTCCT-1		14	94
AAACAGCTTTCAGAAG-1		43	9
AAACAGGGTCTATATT-1		47	13
AAACATTTCCCGGATT-1		61	97
AAACCCGAACGAAATC-1	normal	45	115
AAACCGGGTAGGTACC-1		42	28
AAACCGTTCGTCCAGG-1	T13	52	42
AAACCTAAGCAGCCGG-1		65	83
AAACCTCATGAAGTTG-1		37	19
AAACGAAGAACATACC-1		6	64
AAACGCCCGAGATCGG-1		4	108
AAACGGGCGTACGGGT-1		65	91
AAACGGTTGCGAACTG-1		67	59
AAACGTGTTCGCCCTA-1		14	118
AAACTAACGTGGCGAC-1	T7	8	110
AAACTCGGTTCGCAAT-1	T23	66	70
AAACTGCTGGCTCCAA-1		45	67
AAACTTAATTGCACGC-1		64	12
AAACTTGCAAACGTAT-1		45	19
AAAGACATGAAGTTTA-1		0	92
AAAGACCCAAGTCGCG-1		10	48
AAAGACTGGGCGCTTT-1		29	15
AAAGCTTGCCTACATA-1		26	122
AAAGGCCCTATAATAC-1		66	22
AAAGGCTACGGACCAT-1	T22	62	54
AAAGGCTCTCGCGCCG-1	T13	55	55
AAAGGGATGTAGCAAG-1		24	62
AAAGGGCAGCTTGAAT-1		24	26
AAAGGTAAGCTGTACC-1		10	106
AAAGTAGCATTGCTCA-1		51	27
AAAGTCACTGATGTAA-1		10	52
AAAGTCGACCCTCAGT-1		37	15
AAAGTGTGATTTATCT-1		44	94
AAAGTTGACTCCCGTA-1		42	96
AAATAACCATACGGGA-1		14	88
AAATAAGGTAGTGCCC-1		31	115
AAATACCTATAAGCAT-1		47	69
AAATAGCTTAGACTTT-1		36	106
AAATAGGGTGCTATTG-1		53	79
AAATCCGATACACGCC-1		65	87
AAATCTAGCCCTGCTA-1		53	101
AAATGATTCGATCAGC-1		21	111
AAATGCTCGTTACGTT-1		16	24
AAATGGCATGTCTTGT-1		13	69
AAATGGCCCGTGCCCT-1		49	17
AAATGGTCAATGTGCC-1		33	51
AAATGTGGGTGCTCCT-1		2	54
AAATTAACGGGTAGCT-1		34	58
AAATTACACGACTCTG-1		14	86
AAATTCCAGGTCCAAA-1		35	115
AAATTGATAGTCCTTT-1		55	31
AAATTTACCGAAATCC-1		6	90
AAATTTGCGGGTGTGG-1		47	33
AACAACTGGTAGTTGC-1	T14	28	42
AACAATACATTGTCGA-1	T13	61	37
AACAATTACTCTACGC-1	T1	29	25
AACACACGCTCGCCGC-1		51	93
AACACGACTGTACTGA-1		9	65
AACACGAGACGCGGCC-1		45	21
AACACGCGGCCGCGAA-1		6	34
AACAGCTGTGTGGCAA-1		59	31
AACAGGAAATCGAATA-1		15	67
AACAGGATGGGCCGCG-1		29	31
AACAGGTAGTATGGAT-1		49	113
AACATCGATACGTCTA-1		17	113
AACATTGAAGTTGATC-1		67	23
AACATTGTGACTCGAG-1	T22	64	52
AACCAAGACTTCTCTG-1		36	24
AACCAGTATCACTCTT-1		6	92
AACCATAGGGTTGAAC-1		65	11
AACCATGGGATCGCTA-1		14	30
AACCCAGAGACGGAGA-1		15	39
AACCCATCCCATGATC-1		56	14
AACCCGACAACCCGTG-1		67	43
AACCCGAGCAGAATCG-1		57	113
AACCCTACTGTCAATA-1		40	96
AACCCTGGTGGAACCA-1		8	70
AACCGAGCTTGGTCAT-1		24	70
AACCGCTAAGGGATGC-1		46	92
AACCGTTGTGTTTGCT-1		12	64
AACCTAAAGCCGTCCG-1		0	80
AACCTCGCTTTAGCCC-1		62	82
AACCTGTCACGGAATT-1		36	118
AACCTTTAAATACGGT-1		54	68
AACCTTTACGACGTCT-1		16	92
AACGAAAGTCGTCCCA-1		58	8
AACGATAATGCCGTAG-1		53	73
AACGATAGAAGGGCCG-1		15	53
AACGATATGTCAACTG-1	T5	24	76
AACGCGAACGGCAACA-1		8	22
AACGCGACCTTGGGCG-1	T22	67	53
AACGCGGTCTCCAGCC-1	T4	23	65
AACGCTGTTGCTGAAA-1		54	94
AACGGACGTACGTATA-1		50	92
AACGGCCATCTCCGGT-1		47	39
AACGTACTGTGGGTAC-1		48	42
AACGTCAGACTAGTGG-1		24	40
AACGTGATGAAGGACA-1		9	83
AACGTGCGAAAGTCTC-1	T11	36	74
AACGTTATCAGCACCT-1		22	10
AACTACCCGTTTGTCA-1		47	113
AACTAGCGTATCGCAC-1		4	48
AACTAGGCTTGGGTGT-1		55	61
AACTCAAGTTAATTGC-1	T14	38	44
AACTCCAGAGCGTGTT-1		60	92
AACTCCTAATCCCATG-1		12	92
AACTCGATGGCGCAGT-1		11	27
AACTCTCAATAGAGCG-1		35	93
AACTCTCAGTGTGCTC-1		53	41
AACTGAGGTCAGCGTC-1	T7	9	111
AACTGATATTAGGCCT-1		16	66
AACTGGGTCCCGACGT-1		20	66
AACTGGGTTCGAGCCG-1		3	89
AACTGGTGTGGGCCTT-1		7	49
AACTTCTGCGTCTATC-1		18	18
AACTTGCCCGTATGCA-1		29	27
AACTTGCGTTCTCGCG-1		14	20
AACTTTACGGGAGCTT-1		31	7
AACTTTAGCTGCTGAG-1		5	49
AAGAAGGATCAGTTAG-1		13	25
AAGACCCAACTGAACA-1	T22	60	54
AAGACTAACCCGTTGT-1		5	27
AAGACTCACGCCCACT-1		1	95
AAGACTGCAAGCTACT-1	normal	36	68
AAGAGATGAATCGGTA-1		27	27
AAGAGGATGTACGCGA-1		39	29
AAGAGGCCCTTTGGAA-1		59	109
AAGATGGCACCGGACC-1	T13	59	39
AAGCACCCTGCGTATC-1	T21	59	73
AAGCATACTCTCCTGA-1		53	69
AAGCCGAAGCGGTTTA-1		49	107
AAGCCGCCGTGAAATC-1		65	23
AAGCGCAGGGCTTTGA-1		67	73
AAGCGGAGTGCGCGCA-1		12	126
AAGCGGCGTCATGGGT-1		9	97
AAGCGTCCCTCATCGA-1		57	35
AAGCTAGATCGAGTAA-1		50	68
AAGCTCGTGCCAAGTC-1		35	73
AAGCTCTTTCATGGTG-1		57	81
AAGGAGAACTTATAAG-1		3	57
AAGGAGCGGTTGGTGC-1	T14	28	48
AAGGATCGATCGCTTG-1		39	109
AAGGCAGGCTGTCTCC-1		42	118
AAGGCGCGTAAAGCTT-1		24	38
AAGGCTGTGCTCATCG-1	T14	30	46
AAGGGAACGACTGGCT-1		63	21
AAGGGACTATGCATTC-1		60	26
AAGGTATCCTAATATA-1	T20	25	81
AAGGTGATAAACCAGC-1		44	92
AAGTAGAAGACCGGGT-1		19	47
AAGTAGTGACGCGAGG-1		33	31
AAGTCAATTGTCGTCA-1		45	101
AAGTGACGACCGAATT-1		41	25
AAGTGAGTCGGGTTTA-1		62	48
AAGTGCAAAGGTAGAC-1		28	10
AAGTGCCTTGACTGTA-1		44	104
AAGTGCGTTAGAATCT-1		49	27
AAGTGCTTCTCTATTG-1		69	37
AAGTGTTTGGAGACGG-1		52	80
AAGTTCACTCCAAGCT-1		57	85
AAGTTCGGCCAACAGG-1		46	34
AAGTTGTGATGTTATA-1		66	106
AAGTTTACTAATGGCA-1		5	61
AAGTTTATGGGCCCAA-1		68	70
AATAACAACGCTCGGC-1		36	30
AATAACACTAGAACAA-1		52	38
AATAAGTCCTCGAGAC-1		5	71
AATACAATGTTTCAGG-1		23	19
AATACCGGAGGGCTGT-1		67	37
AATAGAACAGAGTGGC-1	T13	52	46
AATAGAATCTGTTTCA-1		48	86
AATAGCAAGCCTCCTG-1	T7	7	111
AATAGCTACCGCGTGC-1		19	111
AATAGTCCGTCCCGAC-1	T13	57	57
AATAGTCGCGAGTCGG-1		25	7
AATATCAAGGTCGGAT-1		8	42
AATATCGAATCAATGC-1		49	109
AATATCGAGGGTTCTC-1		27	101
AATATTGGAGTATTGA-1		36	22
AATCAGACTGCAGGAC-1		5	23
AATCAGGTTTCATTTA-1		69	33
AATCATGTAAAGACTC-1		54	98
AATCCAAGGGCCTGAG-1		13	47
AATCCATGCAAGGGTG-1		8	26
AATCGCCTCAGCGCCA-1		39	79
AATCGCGCAGAGGACT-1		42	114
AATCGGGACACTACGA-1		8	60
AATCGTGAGCCGAGCA-1		67	83
AATCTAGGTTTACTTG-1		52	16
AATCTATGCCGGAGCC-1		26	110
AATCTCTACTGTGGTT-1		38	10
AATCTGCGTTGGGACG-1	T8	32	92
AATCTGGCTTTCTAGT-1		51	15
AATCTGGGTAGACCCT-1		4	94
AATGACAGCAATGTCT-1		48	30
AATGACGTAGGATGTC-1		44	78
AATGACTGTCAGCCGG-1		23	47
AATGAGTTCGCATATG-1		15	21
AATGCAACCGGGTACC-1		25	59
AATGCACCAAGCAATG-1		19	97
AATGGTCCACCGTTCA-1		30	16
AATGGTTCTCACAAGC-1	T2	19	35
AATGTATGGCACTGTA-1		65	9
AATGTGCCCGAGGTGT-1		55	27
AATGTGCTAATCTGAG-1		66	32
AATTAACGGATTTCCA-1	T22	58	66
AATTACTCGTACGCTC-1	T1	10	8
AATTAGCGCTGCAGCG-1		51	63
AATTCATTGTCATGCA-1		63	9
AATTCCAAGCATGTAC-1		66	58
AATTCGATTCGAGGAT-1		66	76
AATTCTAGAGTTAGGC-1		49	63
AATTGAACGCTCTGGT-1		45	83
AATTGCAGCAATCGAC-1		64	102
AATTGCGTGGATTACA-1		67	9
AATTTGGGACATAGTA-1		13	91
AATTTGGTTCCAAAGA-1		11	67
ACAAACCATGCGTCCT-1		64	16
ACAAACCGACAAGGCG-1		0	78
ACAAAGCATGACCTAG-1		63	97
ACAAATCGCACCGAAT-1		50	82
ACAAATGGTAGTGTTT-1		44	84
ACAAATTCAGATCTGA-1		7	103
ACAACAGCATGAGCTA-1		32	72
ACAACGGTCCCTGCGA-1		22	30
ACAAGCAGTGCCTAGC-1	T1	30	26
ACAAGGAAATCCGCCC-1		49	75
ACAAGGACAAGAGGTT-1		29	37
ACAAGGCCTACCAGCC-1	T7	4	106
ACAAGGGCAGGCTCTG-1		44	76
ACAATAGTCGTACGTT-1		42	20
ACAATCCATTTAAACC-1		36	32
ACAATCGATCTTTATA-1		2	62
ACAATGAATACGGAGA-1		57	31
ACAATGATTCTTCTAC-1	T7	8	112
ACAATTGTGTCTCTTT-1		51	97
ACAATTTAGGAGGCTC-1		31	9
ACAATTTGAGCAGTGG-1		28	82
ACACAAAGACGGGTGG-1	T15	24	56
ACACACCAGGACCAGT-1		44	90
ACACACTTTCTACACG-1	T18	14	64
ACACATGATCAAATCT-1		60	16
ACACATTGACGCAACA-1		8	8
ACACCACATAATTAGC-1	T9	31	117
ACACCCAGCATGCAGC-1		24	50
ACACCCGAGAAATCCG-1	T2	19	39
ACACCGAGCGCTCTTT-1		15	5
ACACCGGTCTGACCGC-1		65	17
ACACCTTAAGTAGGGC-1		25	43
ACACCTTACTACTTGC-1		41	111
ACACGGCACTATGCAT-1		7	71
ACACGGGAACTTAGGG-1		27	71
ACACGTAGGCCACAAG-1		58	110
ACACTCCAATGTCACT-1		17	17
ACACTGATCAAGGTGT-1	T13	52	48
ACAGAACTGAGAACAA-1		52	24
ACAGATTAGGTTAGTG-1		7	57
ACAGCATAGAGCCAGT-1		10	58
ACAGCGACATTCTCAT-1		59	99
ACAGCGCACCCGCAGC-1		10	80
ACAGGCTTGCCCGACT-1		53	87
ACAGGTGGAGGTGAGG-1		51	39
ACAGTAATACAACTTG-1		46	14
ACAGTATACCGTGGGA-1		19	119
ACATAAGTCGTGGTGA-1		59	9
ACATAATAAGGCGGTG-1		21	63
ACATCAGCTGGGACGC-1		32	12
ACATCCCGGCCATACG-1	T13	55	57
ACATCCTGGTAACTGT-1		42	102
ACATCGTATGCAATGG-1		45	81
ACATCGTTAACCTAGT-1		9	75
ACATCTCAACGCGTAA-1		4	74
ACATGGCGCCAAAGTA-1		40	104
ACATGGCTCAATTTAG-1		8	14
ACATTAGTTTATATCC-1		51	61
ACCAAACACCCAGCGA-1		17	115
ACCAAACTAGAAATCC-1		3	67
ACCAACACCACACACT-1		20	110
ACCAACCGCACTCCAC-1		65	97
ACCAACGCTTATTTAT-1	T13	53	49
ACCAAGAACGCGTGTC-1	T3	17	49
ACCAATATGCAAGTTA-1		56	78
ACCACAACTCAGAACA-1		7	81
ACCACAAGTTTCTATC-1		30	54
ACCACCAATGTAACAA-1		41	107
ACCACGTGCAGCTATA-1		48	76
ACCACTGTTCAAGAAG-1	T1	10	6
ACCAGACCATAACAAC-1		38	4
ACCAGCCCGGTCTTTG-1		4	72
ACCAGGAGTGTGATCT-1		3	55
ACCAGTGCCCGGTCAA-1		9	103
ACCAGTGCGGGAGACG-1		48	94
ACCATCCGCCAACTAG-1		44	12
ACCATCGTATATGGTA-1		42	42
ACCATTAAGGGTGTCA-1		13	5
ACCCAACGCCCGTGGC-1		30	86
ACCCACCTACATGCTC-1		25	25
ACCCATCTTGAGGGTA-1		37	37
ACCCATTTGTCCCTCT-1		60	100
ACCCGAGCGAAATTAC-1		61	29
ACCCGATTGGTTCCGA-1		69	35
ACCCGGAAACTCCCAG-1	T22	57	65
ACCCGGATGACGCATC-1		38	100
ACCCGTGTCATCAGTA-1	T13	58	54
ACCCTATAGGACTGAG-1		12	20
ACCCTATGCCATATCG-1		56	40
ACCCTCCCTTGCTATT-1		48	84
ACCCTTCATCTGCGAA-1	T18	13	65
ACCCTTTAGTTCTCCA-1		6	80
ACCGAAAGGGCCCTGC-1		9	53
ACCGAAGAGTCTGGTT-1		57	11
ACCGACACATCTCCCA-1	T22	61	67
ACCGACTGAGTCCCAC-1		28	66
ACCGATGGTAGCATCG-1		36	92
ACCGCAATAACTGCCT-1		51	79
ACCGCGGTGGAAGTCG-1		44	106
ACCGGGCCTTTGTTGA-1		46	98
ACCGGTCAGGTACACC-1		59	15
ACCGGTCTGAGTACGG-1		4	100
ACCGTGACCACGTGGG-1	T13	61	39
ACCGTTCCCGCTCTGA-1		5	65
ACCTAAGTACCTTTCA-1		50	30
ACCTAATCGACTTCCT-1		32	30
ACCTACAGTATGTGGT-1		41	113
ACCTACTATAAATCTA-1		68	58
ACCTCCGCCCTCGCTG-1		55	107
ACCTCCGTTATTCACC-1		34	112
ACCTCGAACTTATGCT-1		65	15
ACCTGCGTGTCATGTT-1		46	18
ACCTTTCCTTTAGAAG-1		0	66
ACGAAATGGGCGGCAC-1	T1	32	24
ACGACTGGTCATACTC-1		64	34
ACGAGAACCCATCACG-1		8	34
ACGAGATATTTGCTTA-1		9	81
ACGAGGATACCACTCT-1		50	18
ACGAGGTTTACAACGT-1		57	13
ACGAGTACGGATGCCC-1		28	104
ACGATACATAGAACTA-1	T19	22	80
ACGATCATACATAGAG-1		25	63
ACGATCATCTTGTAAA-1		36	102
ACGATGCATATGTTAT-1		37	43
ACGATGGATCCGATGC-1		10	70
ACGCAAACTAATAGAT-1	T13	63	47
ACGCAATCACTACAGC-1		25	109
ACGCATAAATGACATG-1		5	111
ACGCATACGTTTACTA-1		56	102
ACGCATTCGTGAGTAC-1		33	61
ACGCCAGATGATTTCT-1		17	73
ACGCCCAGCTGTCGAT-1		3	71
ACGCCGCTAGACGACC-1		43	71
ACGCGAAGTCAGACGA-1		49	59
ACGCGCTACACAGGGT-1		41	31
ACGCGGGCCAAGGACA-1		34	62
ACGCGTTTCTTAAGAG-1		29	5
ACGCTAGTGATACACT-1		28	100
ACGCTGTGAGGCGTAG-1		39	13
ACGCTTAGTGTCTCTC-1		3	81
ACGGAATTTAGCAAAT-1		15	27
ACGGACTCTCAAAGCG-1	T21	61	75
ACGGATGGTGCGGATA-1		57	79
ACGGCACTTGCTTGGG-1	T13	52	60
ACGGCCAACATGGACT-1	T13	53	55
ACGGCGACGATGGGAA-1		49	77
ACGGCGGGTTGCCCTG-1		5	31
ACGGCTGGATGTAGAA-1		61	11
ACGGGAGTGTCGGCCC-1		47	25
ACGGGTCATGTGACTT-1	T1	15	9
ACGGTCACCGAGAACA-1		71	13
ACGTACAGATTTCTCT-1		10	66
ACGTACTTTGGCACGG-1		70	32
ACGTATTACTCCGATC-1		41	97
ACGTCCTAAACGAGAT-1		0	62
ACGTCTCGTTCCGGGA-1		44	6
ACGTGCGCCTCGTGCA-1		17	63
ACGTGGTCGAATGTGC-1		2	78
ACGTTATTGGTCACTC-1	T1	19	13
ACGTTCCGCGCTCCGT-1		8	54
ACGTTCGCAATCAATT-1		33	113
ACGTTCGTTCAGGAAA-1	T13	60	44
ACGTTCTGTACAAGTC-1		65	95
ACGTTTAGTTGTGATC-1		14	68
ACTAAGGACGCACACC-1	T7	11	127
ACTAATACGTCAGGCG-1		8	98
ACTACAAAGAGAGGTG-1	T13	71	49
ACTACATCCCGACAAG-1		63	17
ACTACCAGCTCTCTGG-1		25	41
ACTACGCGTTAGAATT-1	T22	60	56
ACTAGTTGCGATCGTC-1		50	104
ACTATATGCTGTGTTC-1		13	105
ACTATCCAGGGCATGG-1		38	108
ACTATCTGCCCGCGTA-1		53	113
ACTATGTCCAGCTGCC-1		64	22
ACTATTCGTCCGTGGT-1		14	74
ACTATTTCCGGGCCCA-1	T13	59	41
ACTCAACGAATGTATT-1		7	33
ACTCAAGTGCAAGGCT-1		60	86
ACTCAATAAAGGCACG-1		25	69
ACTCAGACCTGCTTCT-1		9	43
ACTCATGGCAGCCTTC-1		67	17
ACTCCAATATCATCAT-1		63	29
ACTCCCATTCCTAAAG-1		47	17
ACTCCCGAATTCGTTT-1		32	104
ACTCCCTAATGCTAAA-1	T22	57	69
ACTCCCTAGAATAGTA-1		48	70
ACTCGATGTATTTCAT-1	T1	18	10
ACTCGTAACCCGTCCT-1		49	23
ACTCTCTGACTTAGGT-1		42	78
ACTCTCTTATACACGA-1		8	84
ACTCTTGTATAGTAAC-1		36	70
ACTGAAACGCCGTTAG-1		57	93
ACTGAATGGCGAAAGT-1		47	83
ACTGATTTAGTGATTC-1		4	80
ACTGCCCGCCATTCTC-1		68	30
ACTGCCGTCGTAACTC-1		16	70
ACTGCGGACACACCGT-1		37	119
ACTGCTCGGAAGGATG-1		53	9
ACTGGCGAACCTGCGT-1		10	126
ACTGTACGATACACAT-1		30	78
ACTGTAGCACTTTGGA-1		27	39
ACTGTATACGCGAGCA-1		10	36
ACTGTCCAGGATTATA-1		33	55
ACTGTGCTAGTAGATC-1		13	31
ACTGTTTAGTGTAGGC-1		3	59
ACTTACCGGGCGCGCA-1		11	95
ACTTACGCATCCACGC-1		58	78
ACTTAGTACGACAAGA-1		14	32
ACTTATACTTACCCGG-1		36	90
ACTTATCTGATCTATA-1	normal	0	32
ACTTATTAGGATCGGT-1		38	52
ACTTATTTATGTGCCA-1		46	90
ACTTCAGGCTGATCCC-1		51	81
ACTTCCATGCGGGACA-1		61	85
ACTTCGCCATACGCAC-1		27	75
ACTTGACTCCCTCTTT-1		42	72
ACTTGCCATATTGTAC-1		4	56
ACTTGGGACCCGGTGG-1		29	49
ACTTGTAGTCCCTTCA-1		44	10
ACTTGTGGATGGAACG-1		52	108
ACTTTACCCTCATGAA-1		32	106
ACTTTCCTATAGCTTC-1		28	62
ACTTTGACTGCATCCT-1		39	11
ACTTTGGTCGTGCTCC-1		61	13
AGAACCCTCAATTGGG-1		61	9
AGAACGTGGTACATTC-1	T5	27	73
AGAAGAGCGCCGTTCC-1		38	88
AGAAGGTACACTTCAC-1		52	14
AGAAGGTTGCCGAATT-1		42	44
AGAAGGTTGTAGGTCG-1		64	78
AGAAGTGATTCGTGAT-1		48	28
AGAATAAATCTTCAGG-1		37	11
AGAATGCGGGTTCGGA-1		12	108
AGAATTATGGATTCGA-1		32	98
AGAATTGTTTGACATA-1		17	23
AGACAGCTCAGAATCC-1	T1	22	12
AGACATAGATCCTTCC-1		7	47
AGACCAAACCACACCT-1		51	9
AGACCATGGGATACAA-1		22	28
AGACCCGCCCTCCTCG-1		26	56
AGACCGCTCCGCGGTT-1		51	111
AGACCGGGAAACCCTG-1		41	17
AGACGAAGTGCCGGTC-1		49	97
AGACGACGATGCCGCT-1		53	33
AGACGGGATTGGTATA-1		1	79
AGACGGGCCGATTTAA-1		8	102
AGACTAGCCTTCCAGA-1	T14	28	46
AGACTGTTACCGGGTC-1	T13	63	45
AGAGAAACACCAGAAA-1		68	34
AGAGAAGGAGTACAAT-1		58	34
AGAGATCTCTAAAGCG-1		40	18
AGAGCAGTTATGAGAC-1	T1	29	19
AGAGCCGCCGAGATTT-1		58	112
AGAGCGGGCTAATCAT-1		16	64
AGAGCGTACAAGCTCG-1		24	28
AGAGCTACGAAAGCAT-1		10	16
AGAGGCTTCGGAAACC-1		51	101
AGAGGGACAATTGTCC-1		7	119
AGAGGTATCTCGGTCC-1		3	51
AGAGTAAACTTCACTA-1		48	106
AGAGTATAGTGTTACG-1		28	122
AGAGTTAGAGACCGAT-1		6	98
AGAGTTGCAGGCCTCC-1	T7	11	125
AGATAACTTCAGGGCC-1	T14	32	44
AGATACCAATAGAACC-1		64	110
AGATACGACTTCATAT-1		15	35
AGATACTCAAGATCGA-1		46	82
AGATATAATACGACTA-1		64	72
AGATCTCAGGTGTGAT-1		29	75
AGATGACTCGCCCACG-1	T16	21	55
AGATGAGGGTTGCGAT-1		14	98
AGATGATGGAGTCTGG-1		34	106
AGATGCAAGACGTGCA-1		58	24
AGATGCATCCTGTGTC-1		48	6
AGATGCTATAACGAGC-1	T1	11	7
AGATTATAGGACGTTT-1		36	54
AGATTCAAGCGGGTCG-1		3	111
AGATTCACAACCGATA-1		53	13
AGCAAAGGCCGCTAGT-1		60	72
AGCAACATATCTTATT-1		41	93
AGCAACCGAAAGTAAT-1		56	20
AGCACACGTTTAGACT-1		68	26
AGCACCAGTACTCACG-1		27	65
AGCACTACCTCACCAG-1		53	81
AGCACTTAAGGACGCC-1		31	35
AGCAGAAGGAGAAAGA-1	T23	64	68
AGCAGCCAGATGAATA-1	T13	56	58
AGCATATCAATATGCT-1		51	95
AGCATCATTTCGAAAG-1		53	19
AGCATCGTCGATAATT-1		22	52
AGCATTACGAGGCAAG-1		67	105
AGCCAAGCTTTGTGTC-1		64	58
AGCCACAGGTTACCCG-1		63	89
AGCCACTCCCGTGCTT-1		23	81
AGCCCATACATGTAAG-1		42	26
AGCCCGCAACAAGCAG-1		68	54
AGCCCGGCATTAGAGG-1		64	26
AGCCCGGTAGCCTGTA-1		61	49
AGCCCTAAGCGAAGTT-1		15	65
AGCCCTCCCTGGTGGC-1		67	29
AGCCGTGGCTAAATGT-1		50	22
AGCCTAATACCCACGT-1		50	14
AGCCTTAAAGCGGAAG-1	T1	21	15
AGCGACAGGAACGGTC-1		51	37
AGCGACATCCCATTCA-1		17	59
AGCGACCAACGATATT-1		25	55
AGCGAGACGTGAAGGC-1		68	22
AGCGATGCGCCTAATA-1		64	108
AGCGCATAATGAATCG-1	T13	57	55
AGCGCTTATGGGCAAG-1		8	96
AGCGGACACTTCGTAG-1	T23	62	62
AGCGGCGGTTAGCGGT-1		50	12
AGCGGGAAGGGTCCAT-1		13	37
AGCGGGTCTGACACTC-1	T23	66	66
AGCGGTTGAGATGTAC-1		0	90
AGCGTACGAGAGCTAG-1		8	24
AGCGTCTGAACCCGCA-1		6	36
AGCGTGGTATTCTACT-1		45	71
AGCGTTCCGATTTAAA-1		2	92
AGCTAACAAGCAATGT-1		61	33
AGCTAAGTACGCAGGC-1		64	86
AGCTATTTAATCCAAC-1		16	74
AGCTCCATATATGTTC-1		57	109
AGCTCCTTCGCACATC-1		52	86
AGCTCTAGACGTTCCA-1		38	76
AGCTCTTCCCAGTGCA-1		18	88
AGCTCTTCGTAACCTT-1		39	107
AGCTGAAGTAAACCAA-1		20	84
AGCTGCATTTGAGGTG-1	T6	1	107
AGCTTATAGAGACCTG-1		5	47
AGCTTCAATACTTTGA-1		0	76
AGCTTCTTCTCGAGCA-1		68	100
AGCTTGATCTTAACTT-1		41	23
AGGAAGCTGTCCGCCG-1	T22	61	65
AGGACAGTCGAATCCC-1		43	85
AGGACATCGCACGTCG-1		16	38
AGGACGCTCGATGTTG-1		18	98
AGGAGAGTCTGGCTAC-1		26	126
AGGAGGCCTTCGCGCG-1		52	98
AGGATAAAGTCGGGAT-1		53	65
AGGATATAGGGATTTA-1		46	96
AGGATCACGCGATCTG-1		48	16
AGGATTGCTTACGACA-1	T9	30	120
AGGCAGGGAGCGTACT-1	T13	59	49
AGGCATTGTCGTAGGG-1		49	99
AGGCCACCCGTTATGA-1		28	38
AGGCCCAGTGACTGGT-1		9	15
AGGCCCATTGTACAGG-1		15	55
AGGCCCTAGAACGCCA-1		45	25
AGGCCTATCATACCAA-1	T13	72	52
AGGCCTGAGAATCTCG-1		62	88
AGGCGGTTTGTCCCGC-1		59	17
AGGCGTCTATGGACGG-1		16	112
AGGCTATGGTTAGCTT-1		26	30
AGGCTTCCCGAAGAAG-1	T13	50	42
AGGCTTGCTAGACACC-1		24	18
AGGGAAACGAGGTACT-1		13	89
AGGGACAGCACGGCGG-1		4	46
AGGGACCGGCTGCGTT-1		36	110
AGGGACTCTACGCGAC-1	T13	55	53
AGGGAGACATACTTCG-1		29	113
AGGGCAGCGGCGTGGT-1		8	74
AGGGCGAGCAGCTGAT-1		44	20
AGGGCGTGATCGGCTA-1		17	45
AGGGCTGCAGTTACAG-1		35	65
AGGGTCAGAGCACTCG-1		68	40
AGGGTCAGTAACCCTA-1		15	113
AGGGTCGATGCGAACT-1		37	97
AGGGTGCCGTTCTTTA-1		65	33
AGGGTGCTCTCGAGGG-1		34	92
AGGGTGGATAGTGCAT-1		29	11
AGGGTTCAGACGGTCC-1		69	45
AGGGTTCCCTTTGGTT-1		30	88
AGGGTTTAGTTCGGGA-1		33	63
AGGTAACCTCCTATTC-1		13	41
AGGTACGATATTGCCA-1		12	76
AGGTAGATCGAGATAT-1		63	35
AGGTAGGTACAAAGCT-1		35	31
AGGTATAATTGATAGT-1		35	109
AGGTCAGGTGAGAGTG-1		46	20
AGGTCGCGGAGTTACT-1		26	104
AGGTGGTGACCTTCGC-1		64	56
AGGTGTATCGCCATGA-1		37	17
AGGTTACACCATGCCG-1		43	115
AGGTTGAGGCACGCTT-1		22	74
AGTAACGTTCATCCTG-1		5	91
AGTAATGTCTTGCCGC-1		16	60
AGTACATCATTTATCA-1		29	109
AGTACCTTCGAGTGCT-1		10	108
AGTACGGCCCGTATCG-1		35	11
AGTACGGGCACCTGGC-1		25	79
AGTACGTGGCCTGTCT-1		6	88
AGTACTCTTATGCCCA-1		56	88
AGTAGAAGGCGCCTCA-1		70	62
AGTAGCGTGAACGAAC-1		2	72
AGTAGCTAGACGCCGA-1		4	102
AGTAGGAAGGAAGTTG-1		16	98
AGTAGGTAACATACAT-1		13	51
AGTATAATACTAGGCA-1		25	33
AGTATACACAGCGACA-1	T13	64	48
AGTATGCTGGAGACCA-1		58	26
AGTATTTGGCACGACC-1		58	52
AGTCAAATGATGTGAT-1		67	35
AGTCACTAGCTCTCGA-1		55	99
AGTCACTCCGCCTCAT-1		6	30
AGTCAGCCACCGCCTG-1		16	28
AGTCCATTGGCTGATG-1		42	100
AGTCCCGCCTTTAATT-1		17	93
AGTCGACGGTCTCAAG-1		38	90
AGTCGGCCCAAACGAC-1		25	39
AGTCGGCTCAACTTTA-1		47	23
AGTCGGTTGCGTGAGA-1		40	112
AGTCGTATAAAGCAGA-1		65	81
AGTCGTCGACCACCAA-1		57	91
AGTCGTGGGCATTACG-1		51	29
AGTCTAAAGTATACTC-1		29	111
AGTCTGGACATCCTTG-1		18	20
AGTCTTCTCCTCAAAT-1	T4	24	66
AGTCTTTAAAGTGTCC-1		67	77
AGTGAACAAACTTCTC-1		44	102
AGTGACTGTGACACAA-1		66	28
AGTGAGCCTCGCCGCC-1		29	103
AGTGAGGGTTTCTGAC-1		8	88
AGTGAGTCGAATTAAC-1		67	109
AGTGATAACCTGCGCG-1		59	89
AGTGATATGAGTAGTT-1		45	49
AGTGATTCAAGCAGGA-1		33	87
AGTGCACGCTTAAGAA-1		52	96
AGTGCGTAGCTCGTAA-1		46	42
AGTGCTAAACACAGCA-1		61	91
AGTGCTTGCACGAATA-1		41	89
AGTGGCGTCTGAAGGT-1		62	86
AGTGGCTCCGTCGGCC-1		40	12
AGTGGTGTTACCCGTG-1		47	9
AGTGGTTGCGTATAGG-1		35	7
AGTGTATTGCGCATTG-1		17	95
AGTGTGCTAAGATCGC-1	T1	14	10
AGTGTGGTCTATTGTG-1		21	23
AGTTAAGCGGTCCCGG-1		16	80
AGTTAAGTCAACCGCT-1		51	25
AGTTACCCTTAAGACT-1		24	8
AGTTACCGCACATGGT-1	T1	26	14
AGTTACTCTATCGTGG-1		15	89
AGTTATTGAAAGGTAA-1		2	74
AGTTCACCGGTTGGAC-1		20	8
AGTTCCTACAGAATTA-1	T14	30	50
AGTTCTGCGTTGTATC-1		13	19
AGTTGACATCGGCTGG-1		10	26
AGTTGACGGTCCTTGC-1	T23	65	63
AGTTGCGGTCCTCAAC-1		70	10
AGTTGCTGACTGATAT-1		16	18
AGTTTCGCAGGTCGGA-1		12	62
AGTTTGCACCTGCCTC-1		58	74
AGTTTGGCACGGGTTG-1		48	102
AGTTTGGCCAGACCTA-1		47	31
ATAAACCATTGGACGG-1		3	45
ATAAACGGACCCGTAA-1		47	61
ATAAACGTTGCACCAC-1		57	107
ATAAAGGCTCGGTCGT-1	T14	34	50
ATAAAGGTCAAGTACG-1		5	85
ATAAATATTAGCAGCT-1		38	28
ATAACGGAGTCCAACG-1	T5	25	75
ATAACGTTACCTCCAC-1	T7	10	114
ATAAGCAAACACCGAG-1		9	125
ATAAGGTGGAGAACAT-1		50	72
ATAAGTACCCGATTGT-1		9	113
ATAAGTAGGATTCAGA-1		27	103
ATAAGTAGGGCGACTC-1		36	108
ATAATACCGTTAGCCG-1		16	16
ATAATAGCTGTTGAAT-1		47	63
ATAATAGTGTAGGGAC-1		18	30
ATAATCTTGGAGAACC-1	T21	61	77
ATAATTAGCTAAGTAG-1	T23	64	64
ATACAGGCCCTCCAAT-1		56	72
ATACCACGGGCAACTT-1		35	29
ATACCAGCAAATTGCT-1		4	60
ATACCAGGCTAATAGA-1		9	55
ATACCAGGTGAGCGAT-1		1	55
ATACCGTCATCCATAA-1		15	115
ATACCTAACCAAGAAA-1	T22	58	64
ATACGCCGGCGAAACC-1		40	78
ATACGGAACGTCGTTT-1		56	22
ATACGGGTTTCGATTG-1		22	82
ATACGGTGAAGATGCA-1		33	11
ATACGTACTTAGCCAC-1		55	77
ATACGTCCACTCCTGT-1		47	93
ATACGTTATGCACGGA-1	T23	63	63
ATACTACCCGTACCAC-1		59	105
ATACTAGCATGACCCT-1		21	61
ATACTCTCGCCACTCT-1		9	25
ATACTGCCTTACACCG-1		58	84
ATACTTGTTCTCGAGC-1		30	10
ATAGACAACGGGACCT-1		28	92
ATAGACGAAGAGAAAG-1	T14	33	45
ATAGAGTACTGGGACA-1		26	48
ATAGAGTTATCAACTT-1		27	93
ATAGATTTGCAGTCGG-1		1	67
ATAGCAACTAGGGAAG-1		62	98
ATAGCCTCAGTACCCA-1		18	14
ATAGCTGCTCTTGTTA-1	T1	16	10
ATAGGAATCTAAGCTT-1	T7	5	103
ATAGGCGGCTATAGAA-1		43	33
ATAGGGATATCCTTGA-1		21	71
ATAGGTTGGGCAGATG-1		28	64
ATAGTCTTTGACGTGC-1		7	67
ATAGTTCCACCCACTC-1		38	102
ATATAAAGCGCTCGTG-1	T22	58	68
ATATAAATGTAGCTGC-1		54	74
ATATAACACGGGCGCA-1		66	94
ATATACGCTCGTGACG-1		62	108
ATATAGAGTATTGGTC-1		63	11
ATATCAACCTACAGAG-1		37	105
ATATCGGTAGGGAGAT-1		38	110
ATATCGTGCCAGACCC-1		3	79
ATATCGTTCCTCGAAC-1		58	92
ATATCTCCCTCGTTAA-1		19	87
ATATCTTAGGGCCTTC-1		35	61
ATATGTCTCCCTAGCC-1		35	97
ATATGTGCACAAACCA-1		9	119
ATATTCAGTTAAACCT-1		44	40
ATATTCCACATAGTGA-1		51	77
ATATTCCCACAGGTCA-1		11	59
ATATTGCTGTCAAAGT-1	T2	18	32
ATATTTAACCCTCAAG-1		31	55
ATCAAACACTGTTCCA-1	T10	47	107
ATCAAACGAAGGTTTG-1		49	33
ATCAATGCCGTGGCTG-1		61	19
ATCACATTAGAATATC-1		20	82
ATCACTTCATCCTCGC-1		21	67
ATCAGACGGCACGCCG-1		44	42
ATCAGCCTCATGCTGC-1		57	87
ATCAGCTCGTCCACTA-1		49	15
ATCAGGTCGCCATTGC-1		8	94
ATCATAGCCCTATGTA-1		62	106
ATCATCTGCCCAGTGT-1		2	84
ATCCAACGCAGTCATA-1		25	37
ATCCAATGGAGGGTCC-1		43	27
ATCCAATGGTACCGAA-1		36	6
ATCCACATCGACAGAA-1		62	72
ATCCACGCTAAATGTT-1		5	83
ATCCACTTTCAGACTA-1		7	115
ATCCAGAGCAACAACC-1		50	52
ATCCAGGATTCGTGAA-1		40	46
ATCCCATCCACAGCGC-1		62	14
ATCCTACCTAAGCTCT-1	normal	44	48
ATCCTGAATCGCTGCG-1		38	26
ATCCTGCGTGGAATGG-1		45	47
ATCCTGCTGCAGATAG-1		6	44
ATCGACTCTTTCCGTT-1		23	61
ATCGCACGATTGTTCA-1		7	17
ATCGCACGCCGGGAGA-1		25	57
ATCGCCAGTCAACATT-1		45	105
ATCGCTGCGTGCAGCA-1		23	111
ATCGGAGACAGACGGC-1		52	76
ATCGGTTACCTAGTAA-1		34	8
ATCGTCCAATCGAGTC-1		9	13
ATCGTGGAAAGTCTGG-1		63	23
ATCGTTAGCTAGCGGA-1		58	98
ATCGTTCACTTTCGCC-1		10	94
ATCTAATATCCTACGG-1	T22	55	67
ATCTAGCTTGTGAGGG-1	T23	67	65
ATCTCATAAACCTACC-1		0	104
ATCTCCCACGGAATAT-1		60	108
ATCTCCCTGCAATCTA-1		16	72
ATCTGACATGGAAGGA-1	T13	63	41
ATCTGATAGTGTCTTA-1	T1	16	12
ATCTGCACCTCTGCGA-1		29	101
ATCTGCTGTTATCGCC-1		67	57
ATCTGGGCTGTTCTTG-1	T22	61	69
ATCTGGTTAAGACTGT-1	T5	26	76
ATCTGTAATTGTACCC-1		15	57
ATCTTAGGGCATTAAT-1		69	11
ATCTTATCGCACACCC-1		64	104
ATCTTGACCTGCAACG-1		26	44
ATCTTGACTTGTCCAA-1		30	108
ATGAAGCCAAGGAGCC-1		22	46
ATGACGCCGGCTCTAA-1		16	58
ATGACTATCAGCTGTG-1	T13	63	43
ATGAGGAGTGTTAATC-1		25	35
ATGATCGGGAATAGAC-1		16	54
ATGCACCTTCCTTAAT-1		20	6
ATGCACGCGCTGTTCA-1		59	11
ATGCACTACCGCATTG-1		27	45
ATGCATGATCCAGGAT-1		25	65
ATGCATTCCGTGATGG-1		4	52
ATGCCAATCGCTCTGC-1		15	105
ATGCCATTTGCGACCA-1		43	91
ATGCCGGTCTTGCATA-1		31	75
ATGCCGGTTGATGGGA-1		19	83
ATGCGACAGTCCCATT-1		35	71
ATGCGAGTCCCACCAC-1		48	104
ATGCTCAGTGTTGCAT-1		21	29
ATGCTCTGGCGCGGTA-1	T21	60	76
ATGCTTAGGAGTTGAT-1		56	112
ATGGAAATTTAAGGAG-1		53	7
ATGGAACCTTTGCACA-1		38	120
ATGGAGCAGGCCGTGA-1	normal	36	66
ATGGATCCGGCGTCCG-1		19	79
ATGGATTGACCAAACG-1		27	61
ATGGCAGCATTACGAT-1		64	18
ATGGCAGCCGAGAAAC-1		33	9
ATGGCTGGAAATGGCC-1		9	93
ATGGGAACGGAAGCGG-1		4	88
ATGGGACCTGCTGAAC-1		61	31
ATGGGCCTCGGCCTCT-1		45	91
ATGGGTGTATACCTCC-1		64	24
ATGGTATTTACTGATT-1		69	13
ATGGTCGCGTGGTTTC-1		45	85
ATGGTGCTCAAAGCCA-1		1	57
ATGGTTACGAAACATG-1		6	116
ATGTAAGGCTGCTCTT-1		32	112
ATGTACATGCGGTGAG-1		64	112
ATGTACGATGACGTCG-1	T23	66	64
ATGTAGCGCGCGTAGG-1		68	72
ATGTCATTTCCCATTG-1		18	4
ATGTGAAAGCCTAATG-1		46	22
ATGTGCATCCGACGCA-1		23	57
ATGTGTAGTTTAGTCA-1		5	59
ATGTTACGAGCAATAC-1		15	29
ATGTTCCTGCCCACCT-1		16	8
ATGTTCGTCGACCCAC-1		34	14
ATGTTGATTAGAGACT-1		68	92
ATGTTGTAGTCTGTTT-1	T13	65	47
ATGTTTGTAAGATCAT-1		2	104
ATTAACACCTGAGATA-1		19	1
ATTAATACTACGCGGG-1		22	66
ATTAATGAACCAGTCG-1	T19	23	79
ATTAATTCGGTCACTC-1	T18	14	66
ATTACAACTACCGGCC-1		11	87
ATTACATGTCAGTCTT-1		50	108
ATTACGACTCCACAGT-1		19	121
ATTACGCGCTGGCAGG-1		40	30
ATTACTAGCCTCTTGC-1		18	44
ATTAGATTCCTCAGCA-1		25	105
ATTAGATTGATAGCGG-1		19	49
ATTAGGCGATGCTTTC-1		37	71
ATTATACTTTGCTCGT-1		18	78
ATTATAGCTACTTTAC-1		33	115
ATTATCGGAATGTACG-1		69	57
ATTATCTCGACAGATC-1		7	61
ATTATGAGACCCAATT-1		66	12
ATTATGCCATAGGGAG-1		21	53
ATTATTATGTCCGTCA-1	T13	59	37
ATTATTCAGAGTCACT-1		67	97
ATTCAACCATTTAAGG-1		58	100
ATTCACTGATGTTGGA-1	T22	56	68
ATTCAGGACCTATTTC-1		20	98
ATTCAGGATCGCCTCT-1		1	87
ATTCAGTAGCAGGGTC-1		27	25
ATTCATATACTGTCCA-1		46	60
ATTCATCGTTGAGGCA-1		61	89
ATTCCCACATAAACAA-1		26	24
ATTCCTAAGACGTGGA-1		15	107
ATTCCTCCGCCAGTGC-1	T2	23	39
ATTCCTTCCAGGCGGT-1		10	24
ATTCGACGCCGGGCCT-1		36	26
ATTCGCGCCTTGAGAG-1		65	107
ATTCGTGCTATCTCTT-1		42	110
ATTCTCGTCTCTTTAG-1		11	51
ATTCTGAGTATGAACT-1		6	86
ATTCTTCGTACTTATG-1		9	87
ATTGAAGATCTTAGTG-1	T14	31	49
ATTGACCGGCGATGAC-1		20	114
ATTGACGTAACTCGGT-1		8	72
ATTGATAGCAACGAGA-1		12	22
ATTGATCACCACATTT-1		52	8
ATTGATGAGTCCTAAC-1		33	99
ATTGCCTATTAGACCG-1		67	25
ATTGCCTTTATGTTTG-1		64	84
ATTGCGATCAGTAACT-1		51	99
ATTGCTGCTCCTCCAT-1	T14	35	43
ATTGGATTACAGCGTA-1		54	102
ATTGGGAATATCTTGG-1		12	52
ATTGGGAGTTCTGTAA-1	T7	8	114
ATTGTACAACTCGGCT-1		35	103
ATTGTCGCAATACCTT-1		15	85
ATTGTCTGTTTCATGT-1	T13	71	53
ATTGTGACTTCGCTGC-1		11	109
ATTTAACTCGTATTAC-1		14	52
ATTTACAGTTTACTGG-1		30	38
ATTTACTAAGTCCATT-1		31	111
ATTTCATTATTTCGCG-1		14	78
ATTTCCGGGTTCTGCG-1		55	35
ATTTGCCTAGTTACGA-1		1	61
ATTTGTCTTGGGAGCT-1		40	84
ATTTGTTCCAGGGCTC-1		19	71
CAAACCCTCCGGCGGG-1		70	70
CAAACGAGTATCGCAG-1		47	47
CAAACGGTCGCACTTT-1	T14	30	40
CAAACGTGGTCTTGCG-1		4	78
CAAACTACGATAGAGA-1		12	84
CAAACTATTGAGCTTC-1		11	75
CAAACTCGCGACGCCG-1		45	111
CAAAGATTATTGGGCC-1		56	30
CAAAGTCAGGTTAGCT-1		9	11
CAAATCTCTCACAAGG-1		44	24
CAAATGCGGAGTGTTC-1		0	58
CAAATTGTCAGCAAGC-1		13	67
CAACACATCTCCTGCC-1	T9	32	120
CAACAGAATAACGCTA-1		1	93
CAACAGTGCCAAACGG-1		0	70
CAACCGCACCTAGACA-1	T1	11	5
CAACCTACCGAGCAGT-1		61	103
CAACCTGAACCTGCCA-1		25	123
CAACGACCCGTTTACA-1		20	50
CAACGGTTCTTGATAC-1	T2	18	38
CAACGTGGTGGAGTCT-1		55	113
CAACTATATCGAATGC-1		15	79
CAACTCCAACGTTTAG-1		4	86
CAACTCCGTAACTTGC-1		13	119
CAACTCCTTGATCCCG-1		18	46
CAACTGAGGGTATGAC-1	T7	10	120
CAACTGCTCATCCGAT-1	T22	59	55
CAACTTGTAGTGGGCA-1		9	41
CAAGACTCAGAAGCGC-1		30	126
CAAGAGGGCGGAGTAC-1		46	74
CAAGATATTATAACGT-1		45	89
CAAGCAACGTCGGAGT-1		32	38
CAAGCACCAAATGCCT-1		18	66
CAAGCGGCACATAATT-1		54	72
CAAGGCCAGTGGTGCA-1		66	100
CAAGGTCCTATAGGCT-1		34	110
CAAGTAAGTGATAGAC-1	T13	69	53
CAAGTGAACTTTGGTT-1		6	54
CAAGTGTGGTTGCAAA-1		40	94
CAATAAACCTTGGCCC-1	T5	26	74
CAATACGCTCTGAGGC-1		40	10
CAATATGTAGATTTAC-1	T7	5	105
CAATATTCTTGACCTA-1		54	40
CAATATTGGACTAGTG-1		8	18
CAATCCATTATCCGTT-1		0	100
CAATCCCTATACCAGC-1		12	88
CAATCCTGCCGTGGAG-1		14	24
CAATGAGGTTCGACTA-1		29	119
CAATGCGAGAAGTATC-1		54	82
CAATGGAATCTACATA-1		9	91
CAATGGTCGGCCTGGG-1		6	56
CAATGTGCCAACCCTT-1		37	115
CAATTTCGTATAAGGG-1		37	63
CAATTTGACCGGGAAG-1		7	13
CACAAGAAAGATATTA-1		14	112
CACAAGCTAAGAAAGG-1		67	15
CACACACGCTAACGAG-1		55	103
CACACAGCTTGCGCTC-1		47	115
CACACAGGGATAGATT-1		25	27
CACACGCGCTGTCTTA-1		33	89
CACACGTTTCAATGGG-1		5	89
CACACTTGTATTGCGA-1	T7	10	116
CACAGAGACGAGGACG-1		64	20
CACAGCACCCACGGCA-1		31	59
CACAGCTAGGGAGTGA-1		20	60
CACAGGGCCATATAGT-1		57	97
CACAGGGCCGTTGTCA-1	T23	62	60
CACAGTCCCGCTTCGC-1		60	112
CACAGTTCGCTTCCCA-1		54	114
CACATATTAGCAGGAT-1		47	73
CACATCGTGCACGCGC-1	T13	60	38
CACATCTCACCGACGA-1		57	75
CACATGATTCAGCAAC-1		38	64
CACATGTTTGGACATG-1		10	18
CACATTCTTTCGATGG-1		18	90
CACATTTCTTGTCAGA-1		44	108
CACCACGCCACACAGA-1		40	8
CACCAGTCAGCATGCA-1		60	22
CACCATCGGAGGAGAC-1		11	61
CACCATGATCGCAAAG-1		12	114
CACCCAAATCTTATGT-1		35	105
CACCCACACGTCACCC-1		17	43
CACCCACGAGGCAATT-1		20	86
CACCCGGTTTGTGACT-1		53	39
CACCCTAACAAGATCT-1		56	80
CACCCTTGGTGAGACC-1		50	16
CACCCTTTCCTCGCTC-1		8	40
CACCGATACACCGAGC-1		10	84
CACCGCCAGAAGGTTT-1		27	59
CACCGCCGACCAGCGA-1		9	67
CACCGCGTCCACTCTA-1		16	104
CACCGGAGATATCTCC-1		7	93
CACCGGTAGAGACATT-1		66	16
CACCGTATCCCATCCG-1		52	104
CACCGTTAGGGATCAC-1		53	37
CACCGTTGCGCGATAT-1		47	29
CACCTAATAGAGTCGT-1		17	25
CACCTAATCAGTTTAC-1		20	72
CACCTCGATGGTGGAC-1		18	70
CACCTTGCGAAACTCG-1		24	84
CACCTTGGCGCCTTTG-1		43	103
CACGAAAGTTAGTCCC-1	T1	33	29
CACGACCACAGACTTT-1		1	99
CACGACGTAATAGTAA-1	T7	6	106
CACGACTAAAGTTCTG-1		3	49
CACGCACAGCGCAGCT-1		24	72
CACGCAGCGAGGCTTT-1	T14	31	43
CACGCGGAACTGTTGC-1		42	98
CACGGCGCGCCAAAGG-1		15	103
CACGGGATTGAGGGTT-1		31	11
CACGTCGGCAACCTCT-1		49	37
CACGTCGGGTTCTAGA-1		15	1
CACGTCTATGATGTGG-1		7	95
CACGTTTCGTACACAC-1		55	91
CACTAAAGTTGCCTAT-1	T14	35	51
CACTACGGGAGCTGCC-1		59	107
CACTACTCAGTTCTGT-1		5	75
CACTCAGCTCTTGAGG-1		11	71
CACTCCTATGTAAGAT-1		56	36
CACTCCTCTCGGTCGG-1		15	87
CACTCGAGCTGAACAA-1		48	74
CACTCGGTTAGGAGGA-1		35	13
CACTCTCAAGCATCGA-1		69	47
CACTCTTCTGCTAGCC-1		59	101
CACTGACGATTGTGGA-1	T22	65	51
CACTGTCCAAGTGAGA-1		19	43
CACTTAATCAGACGGA-1	T14	34	48
CACTTCGCCACAGGCT-1		21	31
CACTTCGTCTTATCTC-1		14	14
CAGAACTTAGCCCTCT-1		53	85
CAGAATAACACACGGA-1		55	111
CAGACACCGATCGCTG-1	T13	53	51
CAGACCTGTAAGTGTT-1		31	99
CAGACGAACCTGATAC-1		50	50
CAGAGACGGTCACCCA-1	T13	51	57
CAGAGCATGAGCTTGC-1		26	70
CAGAGGCGATGCATGA-1	T13	54	48
CAGAGTGATTTAACGT-1		9	69
CAGATAATGGGCGGGT-1		66	102
CAGATACTAACATAGT-1		26	46
CAGATATGAAGATGAC-1		67	19
CAGATCATTTAAAGTC-1		22	108
CAGATCCTGGTTTGAA-1		55	17
CAGCAGCCCGTTCCTT-1		28	78
CAGCAGTCCAGACTAT-1		50	100
CAGCAGTCTGTGCTGC-1		62	74
CAGCCCTCACAGGCAG-1		3	63
CAGCCGGGCCCTCTAT-1		11	85
CAGCCTCCTGCAGAGG-1		23	77
CAGCCTCTCCTCAAGA-1		15	95
CAGCGATTCCCTTCAA-1	T13	53	43
CAGCGCCAACACGATA-1		37	5
CAGCTCACTGAGACAT-1		33	59
CAGCTCGTGCTTGTGT-1		14	42
CAGCTGGCGTAACCGT-1		48	22
CAGCTTAGTAGGTAGC-1	T1	32	28
CAGGAAGACTTTATAT-1		13	85
CAGGATCCGCCCGACC-1		1	49
CAGGCAGTCTTACCAG-1		65	85
CAGGCCAGTACCACCT-1		71	17
CAGGCCGTTTGGGTGT-1		39	43
CAGGCGCACGGTGGTC-1		56	28
CAGGCGCCATGCTAGG-1		49	73
CAGGTTTAGTACTACA-1		13	125
CAGTAATCCCTCCCAG-1		21	25
CAGTACCAGTTTACGT-1		48	18
CAGTAGATGATGTCCG-1		17	1
CAGTAGCGAGGTAGTA-1		4	30
CAGTCCAACGCCTTCT-1		8	120
CAGTCTCTCGGCTAAT-1		6	28
CAGTGAATAAATGACT-1		25	83
CAGTGGTTGCACATGA-1		16	22
CAGTGTCCGCAGAATG-1		15	37
CAGTGTCGGCTGGCCC-1	normal	52	92
CAGTGTTAATCTCTCA-1		70	16
CAGTTCAAATTGACAC-1	T14	29	51
CAGTTCCGCGGGTCGA-1		26	26
CAGTTCGAGGACCCGA-1		69	49
CATAACGGACAGTCGT-1		36	94
CATAAGAAGCTTGGCT-1		58	72
CATAAGCTCTCCGTCT-1		42	14
CATAATGAGCGGGCGA-1		6	46
CATACAAAGCCGAACC-1		13	35
CATACACGGTTCCCAC-1	T22	61	55
CATACCCGTACCCAGT-1		37	31
CATACGAACTAGCTGG-1		65	31
CATACTATGTAATTGT-1	T14	36	48
CATACTTAGGCAATAC-1		37	113
CATACTTCTTTCTCCG-1	T22	68	52
CATAGCCGCCCGGGAT-1		26	22
CATAGCGTTGCCCACC-1		54	42
CATAGTACATTGAGAG-1		15	77
CATAGTAGCATAGTAG-1		19	45
CATAGTCAAATACATA-1		65	93
CATAGTCCACAAGAAC-1		45	31
CATATGTCAGGCTACG-1		48	24
CATATTATTTGCCCTA-1		9	79
CATCAAACTGGCGCCC-1		15	117
CATCAACACCTACTAA-1		15	7
CATCATCTACCCGGAC-1		11	69
CATCATTACCCTGAGG-1		52	94
CATCCAATATAGTTTG-1		66	18
CATCCGCAGGCCCGAA-1		15	15
CATCCTCTCAAAGATC-1		54	92
CATCGCCCGCGGCCAA-1	T3	14	44
CATCGTCCGGTTACTA-1		23	11
CATCTACCCGAGAACG-1		6	112
CATCTGCAGGATCATT-1		28	8
CATCTTACACCACCTC-1		37	99
CATGAACCGACATTTG-1		11	43
CATGAACCTCTTATCA-1		5	69
CATGACTTCGCTGAAT-1		40	106
CATGAGATGCACTCTC-1	T21	59	79
CATGATGCACAATTCT-1		21	69
CATGATGGAAGTTAGC-1		45	103
CATGCACGTGTTACTG-1		3	91
CATGCATGGAGACCCT-1		6	70
CATGCCAACTCGCAAA-1		43	21
CATGCGTTAGACAGAA-1		15	63
CATGCGTTGAGAGGAG-1	T13	72	46
CATGCTGGCTCCAATT-1		12	60
CATGGAAATGGGACCA-1	T7	6	104
CATGGATTGTCTTCCG-1		55	101
CATGGCAGGAAGATCG-1		17	57
CATGGGTATGCCTTAT-1		56	82
CATGGGTCGGGTGTGG-1		21	85
CATGGTAAGTAGCGTT-1		45	73
CATGGTATTAGTTTGT-1		59	7
CATGGTCTAGATACCG-1		26	66
CATGTAAGAGACATTT-1		54	90
CATGTCTCATTTATGG-1		49	85
CATTACGTCGGCCCGT-1		19	65
CATTATAACAGGGTCC-1		1	65
CATTATCCCATTAACG-1		67	31
CATTATGCTTGTTGTG-1		26	52
CATTCACTGACAGCTA-1		5	67
CATTCAGGTCAGTGCG-1		5	21
CATTCCCATTCCGTCG-1	T9	32	118
CATTCCCTAAGTACAA-1		12	18
CATTGCAAAGCATAAT-1		1	83
CATTGCGAAATGGGCG-1		36	12
CATTGTGTGCTAGATC-1	T1	13	15
CATTTATCGTTCAAGA-1		5	77
CATTTCTAGCAGACTA-1		16	26
CATTTGAGTGGTACGT-1	T13	50	48
CCAAACAGAACCCTCG-1		22	48
CCAAAGCAGTTGGTTG-1		10	10
CCAAAGTCCCGCTAAC-1		3	37
CCAAATAACAAGATTC-1		51	113
CCAAATCAAAGGGCAA-1		72	22
CCAACCTTATGTAACT-1		67	41
CCAACGATGCACTGAT-1		31	37
CCAACGCTTGCCAGGG-1		10	100
CCAAGAAAGTGGGCGA-1	T13	52	52
CCAAGACTTCTGCGAA-1		20	62
CCAAGGAACAGAGAGG-1		14	48
CCAAGTTTCTACAGAT-1	T1	14	8
CCAATAGTGCCGTCGA-1		34	42
CCAATCGGTAGATCGA-1		14	84
CCAATGTCACAGCAAG-1	T14	37	49
CCAATTACGGGTCGAG-1		19	93
CCAATTGAATGTTAAT-1		20	46
CCACAATGTACGTCTT-1		29	85
CCACACTGAGATATTA-1		39	49
CCACAGCTGAAATCAT-1		8	28
CCACAGTACCCATCCT-1		48	92
CCACCAACTTTACTGT-1		52	40
CCACCCAAGGAAAGTG-1	T11	37	75
CCACGAATTTAACCTC-1		41	109
CCACGAGAAGAGAATC-1		17	75
CCACGGAGCCATAAGA-1		47	27
CCACGGCAGGTGTAGG-1		71	31
CCACGGTGCCCGGTAG-1		35	107
CCACGTAAATTAGACT-1		34	122
CCACTATCCGGGTCAC-1	T9	30	116
CCACTGGTGGCTGGTT-1		39	21
CCACTGTTTGGATTAA-1		58	106
CCAGAAAGCAACTCAT-1		52	36
CCAGAGACAAAGCCGG-1		23	21
CCAGATAGTTGAGTGA-1		28	84
CCAGATGTAAATGGGT-1		19	123
CCAGCCTGGACCAATA-1		37	65
CCAGCTACGCCTCATA-1		9	35
CCAGCTCGAACGCATT-1	T23	63	65
CCAGCTGATGGTACTT-1		37	21
CCAGCTTCCGCCCGCA-1	T1	29	17
CCAGGGACGTGGCCTC-1		27	53
CCAGTCAAATCTCTTA-1		42	8
CCAGTCCATTATTCGA-1		10	22
CCAGTCTTGTCATAGA-1	T22	59	59
CCATAAACAACCCGAC-1		14	76
CCATACCTTTACTTGT-1		30	102
CCATAGGTTGGCGTGG-1		18	62
CCATAGTCAGTAACCC-1		15	17
CCATATGGAAACTATA-1		53	103
CCATATTGGATCATGA-1	T1	11	11
CCATCATAAGAACAGG-1		1	109
CCATCCATACCAAGTC-1		14	38
CCATCGCAGTTAAACT-1		50	62
CCATCTCACCAGTGAA-1		38	98
CCATCTTGTTCACAAT-1		7	41
CCATGCCCTAGATTTC-1		56	98
CCATGCCTGTTTAGTA-1		35	53
CCATGCTCTGCAGGAA-1		21	43
CCATGGCCCTTGTACC-1		32	22
CCATGTTCATCTATAT-1		68	28
CCATTAGCGATAATCC-1		32	42
CCATTCCCTGCCCACA-1		33	39
CCATTGTTTCCTCCAT-1		29	123
CCATTTCTACCTATTA-1		55	71
CCCAAACATGCTGCTC-1		34	88
CCCAACATACGTCGCG-1		43	35
CCCAACCACACTAACA-1		8	66
CCCAAGAATGCACGGT-1		2	88
CCCAAGACAGAGTATG-1		4	50
CCCAAGTCATTACACT-1		68	96
CCCAATGAGATTTGCA-1	T13	60	40
CCCAATTTCACAACTT-1		39	33
CCCAGGTCTGAAGGCT-1		53	111
CCCAGTAAACTTGGGA-1		52	12
CCCAGTTAAGGCGCCG-1		42	82
CCCGAAGTTTCGCGAA-1		45	11
CCCGACCATAGTCCGC-1		20	74
CCCGAGTTTCTCCGTA-1	T10	48	108
CCCGCAGCGCGAACTA-1		49	67
CCCGCAGGGCCCAAAG-1		11	79
CCCGCCATGCTCCCGT-1		19	41
CCCGCGCAATGCACCC-1		19	23
CCCGCTAGAGGGTTAA-1		0	82
CCCGGGTCGTTCAGGG-1		65	57
CCCGGTGGAAGAACCT-1		25	21
CCCGGTGTATCGGAAT-1		53	17
CCCGTAAGTCTAGGCC-1		40	28
CCCGTAGCTGGGAAGA-1		57	39
CCCGTCAGCGTCTGAC-1		23	51
CCCGTTTCGCAGATGT-1		52	106
CCCTAGTGTCAGGTGT-1		10	20
CCCTATGTAGAGCAGA-1		60	24
CCCTCAAGCTCTTAGT-1		20	4
CCCTCAGATCGAGAAC-1		72	26
CCCTCATTCTGGAATT-1	T3	16	44
CCCTCCTCGCTCGTAT-1		50	106
CCCTCGATAATACACA-1		69	29
CCCTCGGGAGCCTTGT-1		2	58
CCCTGAAATGAGTTGA-1		31	39
CCCTGACTAACAAATT-1		38	12
CCCTGATGTAACTCGT-1		14	16
CCCTGCCCAATCCGCT-1		41	19
CCCTGCGCTACGCATA-1		34	24
CCCTGGTATGGGCGGC-1		6	72
CCCTGTTGGCAAAGAC-1	T1	12	10
CCCTTTAATGGAGTTC-1		63	109
CCCTTTGACAGGTCTT-1		50	56
CCGAAAGTGGTGAGCA-1		17	27
CCGAACACTGGGCCTC-1		44	18
CCGAACCTTCCCGGCC-1		49	71
CCGAAGGGCGTACCGC-1		29	125
CCGAAGTATATTGTTC-1		22	22
CCGACAAACACATGAG-1		16	14
CCGACAAAGGGAGTGC-1		33	21
CCGACAATAGGCCGCC-1		57	111
CCGACGGGCATGAGGT-1		54	26
CCGACGTAAACACAAC-1		13	97
CCGACTCGCATAGTCT-1		4	76
CCGAGAAGTCGCATAA-1		46	112
CCGAGCTGTGCTTGTC-1		18	112
CCGAGGGATGTTAGGC-1		6	62
CCGATCTCAACCTTAT-1		37	101
CCGATCTTAAGAGGCT-1	T7	10	122
CCGATTCGAGGGACCC-1		38	20
CCGATTGGTCAATGAA-1		2	98
CCGCACAAAGACCAAC-1		36	76
CCGCACGTGACCTCGG-1		28	26
CCGCATGTGGTACGAT-1	T22	56	66
CCGCCACCACAATCCA-1		4	66
CCGCCGGAACTTCTCG-1		54	12
CCGCCGGTCAACACAC-1		13	55
CCGCCTGCGAATTGGT-1		15	97
CCGCCTTGCGATGTCG-1		43	7
CCGCGATTTGGTAGGT-1		39	9
CCGCGGAATGCGTCAC-1	T13	51	45
CCGCGGGTACGAAGAA-1	T1	32	26
CCGCGTAGGTAAGGGC-1		30	22
CCGCTCTTCCGAACTA-1		63	99
CCGCTGGTGCCATTCA-1		6	74
CCGCTTACCTCACTCT-1		47	35
CCGCTTGCTGACATGG-1		27	113
CCGGAATGGTTTCAGT-1		24	32
CCGGAGCGTACTTTCT-1	T22	58	56
CCGGAGGTCTTATGGT-1		18	118
CCGGCACGACCGTTTC-1		35	111
CCGGCGCATATTGGAT-1		14	56
CCGGCGTGAGACTCTG-1		47	11
CCGGGACCCGCAGAGA-1	T3	16	52
CCGGGCGGTCTCGTCA-1		32	76
CCGGGCTAAGAATTTC-1		70	20
CCGGGTTCGAGGTTAC-1		38	32
CCGGTAATGGCTAGTC-1		38	114
CCGGTTTGTAATTGTG-1		56	42
CCGTAAGTTGGTCCCA-1		33	77
CCGTACCCAAGCGCCA-1		12	34
CCGTAGGAAATCCCTG-1		60	96
CCGTAGGGTTGTTTAC-1		60	104
CCGTATCTCGTCGTAG-1		53	27
CCGTATTAGCGCAGTT-1		17	111
CCGTCAACCTCTGGCG-1		68	14
CCGTGAGGCATTCATG-1		36	120
CCGTGCCCATGACGGC-1		12	48
CCGTGGAACGATCCAA-1		24	106
CCGTGTTAAATTCCAT-1		48	36
CCGTTACGTTAGAACA-1		20	88
CCGTTCCGAATCTCGG-1		40	22
CCTAAAGGCTGACGCT-1		14	82
CCTAAATTGTATCCTA-1		52	114
CCTAACCCAAACAAGT-1		49	89
CCTACAAGTCCGGAAT-1		9	105
CCTACATTCACAGACG-1		51	33
CCTACGCGACCTTACA-1		3	93
CCTACGGCTCAGTCGA-1		16	32
CCTACTGCTTACACTT-1		27	49
CCTAGGCGTAGCGATC-1		36	88
CCTAGGTAAAGGTAGC-1		51	11
CCTAGTTAGTCGCATG-1		12	72
CCTATAATGAGTGCCC-1		55	81
CCTATACCGTCCTGTC-1	T13	55	45
CCTATATCGTGTCACG-1		60	10
CCTATATTTGTCCTGG-1	T22	62	52
CCTATCTATATCGGAA-1		19	77
CCTATGAAGTGGTGCC-1		37	111
CCTATGGCTCCTAGTG-1		62	24
CCTATGGTCAAAGCTG-1		68	68
CCTATGTCCACTCCAC-1		62	92
CCTCACCAATCTTGAC-1		17	35
CCTCACCTGAGGGAGC-1		28	102
CCTCATGCAGCTACGA-1		10	30
CCTCCCGACAATCCCT-1		9	63
CCTCCGACAATTCAAG-1		33	33
CCTCCTAGCTAGAGTC-1		67	13
CCTCCTGAGCCCACAT-1		38	8
CCTCCTGTTGTGTCGT-1		62	96
CCTCGAAGTGGACGGG-1		15	71
CCTCGACCCACTGCCT-1		3	73
CCTCGCCAGCAAATTA-1		18	74
CCTCGCGCTGTGCGAT-1	T22	57	59
CCTCGGACCGGGATAG-1		41	85
CCTCGGATGCTACCTG-1		32	10
CCTCGGTTTCCTTGCC-1		70	38
CCTCGTTACGCCTGTT-1		5	109
CCTCTAATCTGCCAAG-1		23	73
CCTCTACAAGGATTGG-1		67	27
CCTCTATCGATTAGCA-1		52	26
CCTCTCTCCCATCTAG-1		34	36
CCTCTGGCCTAGACGG-1		15	75
CCTCTGTACTATTCTA-1	T13	53	61
CCTGAATATTTACATA-1		23	71
CCTGACAAACTCGCGC-1		19	3
CCTGACGCAACCTTTA-1		3	87
CCTGAGAATAAATGCA-1		71	33
CCTGCCCGTTGTCTAG-1		35	9
CCTGCGATAGAACTGT-1		8	20
CCTGCGTTCTACGCTT-1		32	14
CCTGCTATTTGAGAAG-1		26	50
CCTGGAAACGTTCTGC-1		39	113
CCTGGCTAGACCCGCC-1	T14	29	43
CCTGGTCGAATGTGGG-1	T22	59	69
CCTGTAAGACATGATA-1		37	41
CCTGTACTCACGCCCA-1		40	24
CCTGTCCCTCACGTTA-1		36	114
CCTGTCGCCCGTAAAT-1		36	62
CCTGTGCGGATTGTAA-1		3	99
CCTGTTCAACCTCGGG-1	T13	71	51
CCTGTTTGAAGACACG-1		58	94
CCTTCAGTTAAAGTGA-1	T13	61	47
CCTTCCGCAACGCTGC-1		71	15
CCTTCGTATAGAATCC-1		69	61
CCTTCTCAGCGTTCCT-1		43	15
CCTTCTTGATCCAGTG-1		19	73
CCTTGACCACTTTATT-1		55	109
CCTTGTGAACGTGGTT-1	T13	72	48
CCTTTAAGGGAGCACT-1	T13	58	50
CGAAACATAGATGGCA-1		11	77
CGAAACGCAATTCATG-1		41	33
CGAACAGTATGGGCGT-1		50	96
CGAACATAGTCAGAAA-1	T7	9	115
CGAACCCGCATGCGTC-1		49	49
CGAACCTCTTTCCTAG-1		72	20
CGAACGCCCAGTGCCG-1		14	70
CGAACGGCCGGACAAC-1		47	15
CGAAGGGTTTCAGATT-1		66	14
CGAAGTTGCTCTGTGT-1		33	35
CGAATCTGCTCGACGC-1		62	22
CGAATGAAGTCATTGC-1		62	20
CGAATGACGCATAATG-1		63	57
CGAATTACATGGTGTT-1		2	94
CGACAATTTGATCTAA-1		43	95
CGACACCGCTTAAGGA-1	T7	10	118
CGACACGCTCCGACAG-1		46	94
CGACAGTTCGCGTTAT-1		36	42
CGACATGCGATCTTCT-1		8	64
CGACCCTTAACGCCGG-1		48	12
CGACGCATCCGTACCT-1		50	10
CGACTCGGTACACGGT-1	T7	11	123
CGACTTTGTATAGCCT-1		33	109
CGAGAGATGTGAACCT-1		29	73
CGAGAGCGCGTAGATA-1		45	7
CGAGAGCTTTCACTAC-1		64	88
CGAGAGGGTAGCCGCG-1		56	104
CGAGATTTCGCTCGGG-1		42	116
CGAGCACTTCAAGTTT-1		23	25
CGAGCGTTGATCAGCC-1		12	46
CGAGCTGGGCTTTAGG-1		17	67
CGAGGATCGGGAACGA-1	T9	28	118
CGAGGCCAGGCATTGG-1		14	22
CGAGGCTAAATATGGC-1		29	71
CGAGGGACTGCGGTCG-1		38	78
CGAGGGTATCCAGGTG-1	T23	64	60
CGAGTACTAAAGAGGA-1		45	35
CGAGTGCTATAGTTCG-1		10	38
CGAGTTTATCGGACTG-1		37	93
CGATAATACTCAGGTT-1		43	117
CGATAGCGATACAGTG-1		66	10
CGATAGTCGTACTGCA-1		66	88
CGATATTAGCCGCAGG-1		7	35
CGATCATTAGAGGCAC-1		12	122
CGATCCACCATTGTTG-1	T13	72	54
CGATCCGACCCAGTGC-1		38	50
CGATCCTCGCAACATA-1		66	40
CGATCTGTTGGAGGAC-1		46	24
CGATGTTGTTATCTAC-1		58	12
CGATTAAATATCTCCT-1	T22	56	62
CGATTCGCCTGGCTGC-1		57	73
CGCAAACACGAGTTAC-1		27	37
CGCAATTACTTTCGGT-1		23	33
CGCAATTAGGGTAATA-1	T14	28	44
CGCAATTCTACAATAA-1		26	28
CGCACATGTCCACTAC-1		39	87
CGCACGTCTGTTTATG-1		68	32
CGCACGTGCGCTATCA-1		39	99
CGCAGAAACATTTGCG-1		8	58
CGCAGGCGATCCAAAC-1		52	102
CGCATCATGGCTTCAG-1		9	85
CGCATCCATCAGCCAG-1		28	116
CGCATGCCGAATGCGT-1		67	89
CGCATTAGCTAATAGG-1		27	57
CGCCAAGAAGCCGAGT-1		39	17
CGCCACAGGTCGCGAT-1		49	9
CGCCACCCGCATTAAC-1		6	18
CGCCATCCGATTATGA-1		24	80
CGCCCAGCACGCCTAG-1		59	51
CGCCCAGCGTTTCACG-1		65	89
CGCCCGCTTCCGTACA-1		18	80
CGCCCTAATTGTTCAA-1		67	11
CGCCCTTACATCCACC-1		0	98
CGCCCTTGAAGGCTGA-1		24	20
CGCCGACTATTCGCTA-1		35	5
CGCCGCCCATGCCTGT-1	normal	39	83
CGCCGTTCAGCATAGT-1		58	104
CGCCTCCCTCCTCTAT-1		43	73
CGCCTGGCCTACGTAA-1		41	27
CGCCTTTAGCATGCTC-1	normal	45	117
CGCGAAGTGGCATACT-1		64	96
CGCGACACTGCGCAGC-1		24	12
CGCGACCGCGACAGAT-1	T21	59	81
CGCGAGAGGGACTTGT-1		16	108
CGCGAGTCTGCCGGGT-1		52	20
CGCGCAAATGTCCAGA-1		56	24
CGCGCAAGGAACTACA-1		5	29
CGCGCATGTTTGATTG-1		50	54
CGCGCCCGACTTAATA-1		21	75
CGCGGCAGTATTACGG-1	T1	12	16
CGCGGCTCAACTTGAA-1		43	97
CGCGGGAATTAGGCAG-1		28	80
CGCGGTAAGTCTAGCT-1	T9	30	118
CGCGTCATATTAAACC-1		2	64
CGCGTTCATGAAATAC-1		27	51
CGCTACCGCCCTATGA-1		2	42
CGCTACGGGACATTTA-1	T14	38	48
CGCTAGAGACCGCTGC-1		39	101
CGCTATACCGCCCACT-1		14	36
CGCTATTCAATGTATG-1		19	31
CGCTCGACATAATGAT-1		21	45
CGCTCTCCGTAGATTA-1		33	37
CGCTGAGGACGTCCAA-1		4	40
CGCTGGTGACTACCCT-1		48	98
CGCTGTGACGCCGCAC-1		25	47
CGCTGTGTGGATGTTG-1	T13	59	43
CGCTTAGTATTGATAC-1	T22	66	52
CGCTTATTCCCGGTCG-1		42	30
CGCTTCCACTGAAATC-1		18	42
CGCTTCGGTCTAAGAC-1		66	104
CGCTTTCATACCGGTG-1		14	50
CGCTTTCTTGCATTCG-1		31	85
CGGAAAGAATCAAACG-1	T13	58	48
CGGAAAGCAAATGTGC-1		18	6
CGGAAATTTCACATCC-1		4	82
CGGAACGTAAACATAG-1		47	45
CGGACGTTACTTGAAG-1		42	6
CGGAGCAATTTAATCG-1	T13	54	60
CGGAGCTTATAACACC-1		10	86
CGGAGTCCTAACCTGG-1		0	102
CGGAGTTTGAGAGACA-1		30	34
CGGATAAGCGGACATG-1		19	17
CGGATCCTCAAGGACT-1	T21	60	80
CGGATGAATGCTGTGA-1		70	22
CGGCAAACATCGTGCG-1		52	66
CGGCAATAAGATCGCC-1		54	108
CGGCACCGTTAGCGCC-1		11	89
CGGCACTCAAGAAAGT-1		12	28
CGGCAGGGTCGGGTTG-1		32	94
CGGCCACGCACAAAGT-1		35	59
CGGCCAGAGCGACCAT-1	T13	67	49
CGGCCCAACCTGTAGT-1		28	112
CGGCCCAGGTATATCC-1		43	105
CGGCGCCATCAATCCC-1		59	93
CGGCTCTAAAGCTGCA-1		46	110
CGGCTCTTCGTCGAAC-1		8	86
CGGCTGCAAGATTAAG-1		4	68
CGGCTTTGTATGATAA-1		8	56
CGGGAAGTACCGTGGC-1		70	12
CGGGAATATAGTATAC-1		47	105
CGGGAATTTATGTAAA-1		45	65
CGGGAGCTTCAGTGTA-1		49	91
CGGGAGTATACCGCCG-1		19	15
CGGGATCAATGTAAGA-1		23	59
CGGGCAGCTAAACCGC-1		32	56
CGGGCCATAGCCGCAC-1		14	18
CGGGCGATGGATCACG-1		69	75
CGGGTGTACCCATTTA-1		32	86
CGGGTTCGGCACGTAT-1	T7	7	107
CGGGTTTGTTAGGGCT-1		56	114
CGGTACTAGAATCAAA-1		43	83
CGGTATAGGTATTAGC-1		11	99
CGGTCAAGTGGGAACC-1		26	80
CGGTCCATGAGACTCC-1		20	118
CGGTCCGTCGCAAGCC-1	T22	63	51
CGGTCTATCAACCCGT-1		18	82
CGGTGAAGACTAAAGT-1		35	23
CGGTGCAGATAGAACG-1		42	36
CGGTGCGCGTTGGTCC-1		49	39
CGGTGGGCTCCAGCCT-1		15	99
CGGTGTACTTGATCCC-1		17	31
CGGTTATCCAACAGTG-1		30	98
CGGTTCCGGCTTCTTG-1		9	29
CGGTTGACCTGGCATA-1		39	25
CGGTTGAGTATCCTTC-1		66	30
CGGTTGGGTTCAAGTT-1		8	100
CGGTTTATGAAGGAAC-1		10	104
CGTAAACGCTTGAGTG-1		11	23
CGTAAAGCAAGAAATC-1		70	28
CGTAACTTCGACACTT-1		68	50
CGTAATAATTACGAGT-1		14	6
CGTACCGAAAGTCTAG-1		10	12
CGTACCTGATAGGCCT-1		22	68
CGTAGAGAGTAATTAT-1		67	87
CGTAGCGAATTGTCAG-1		13	71
CGTAGCGCCGACGTTG-1		7	53
CGTATTAAGAGATCTA-1		32	54
CGTCAAGGCTATAAAT-1		30	14
CGTCAATCTTTAACAT-1	T1	11	9
CGTCAGCTATTTACTC-1	T1	17	11
CGTCAGTGCGCACAAG-1		11	49
CGTCAGTTTATCGTCT-1		2	60
CGTCATACCATATCCA-1		20	20
CGTCGCATGTGAGCCA-1	T12	65	77
CGTCGCGGCGGGATTT-1	T1	12	14
CGTCGCTTGGTTATAC-1		63	25
CGTCGGATAGTGTTGA-1		34	96
CGTCGGGTCTAAGCGC-1		54	22
CGTCGTCCTTCGCGAA-1		56	76
CGTCTGGAAGGGCCCG-1		16	62
CGTGACATTGGGTCGT-1		15	83
CGTGACCAGTCCTCTG-1	T22	63	55
CGTGCAGACTGGGACA-1		40	74
CGTGCATTGTCGACGC-1		39	31
CGTGCCCGACATTTGT-1		1	59
CGTGCCCTCCCGAAGA-1		43	77
CGTGCTGGCCTAGTCG-1		9	19
CGTGCTTCTACCTAAA-1		62	28
CGTGGCCGAATATCTA-1		47	101
CGTGGTACCCAAAGGC-1		66	42
CGTGTATGGGAGCTGA-1		65	111
CGTGTCCCATTCGCGA-1		28	40
CGTGTCTCGTTACGAC-1		60	34
CGTGTGTTAAACCCTG-1		32	116
CGTTAAACTAGTTAGG-1		49	111
CGTTAATGTCCCGACG-1		59	87
CGTTAGCTCACAACTG-1		14	90
CGTTCAAGGAAACGGA-1	T13	70	46
CGTTCAGACCCGCGAA-1		65	61
CGTTCATGGTGCGCGT-1		48	20
CGTTCTTCGCACACCT-1		19	109
CGTTGAATACCGCGCT-1		57	77
CGTTGAGCGACCGTCG-1		44	74
CGTTGAGTAATTGCGT-1		11	101
CGTTGCCCGCGTGGGA-1	T13	65	45
CGTTGTAAACGTCAGG-1	T1	21	13
CGTTGTAAGATTGATT-1		26	108
CGTTGTCGGCAATTGA-1	T23	64	66
CGTTGTTTCAATTCCC-1	T14	34	40
CGTTTAAGCGGAGCAC-1		13	59
CGTTTCACTTCGGGCG-1		18	92
CGTTTCGCTCATTACA-1	T14	35	49
CGTTTGTGTAGAGGGT-1		55	41
CTAAACGGGTGTAATC-1		4	42
CTAAAGAATGCCTACT-1		36	36
CTAAATCCGGTGTACA-1		61	35
CTAAATCCTATTCCGG-1		26	84
CTAACCGCGCGCCCGT-1		37	35
CTAACGAAACTTGCTG-1		30	94
CTAACTGATAATCGCC-1		58	102
CTAACTGGTCCGGTTC-1		50	36
CTAAGGGAATGATTGG-1		44	72
CTAAGTACAGGGCTAC-1		6	102
CTAATTATGAAGCGTA-1	T7	11	121
CTAATTCGCACGCGCT-1		28	34
CTAATTCTCAGATATT-1		27	105
CTAATTTCAACAACAC-1		21	27
CTACAAGAAATAACCC-1	T13	58	40
CTACACTAGCTTGTTC-1		4	38
CTACACTCGCAGATGG-1		57	101
CTACATATCGCGGGAC-1		68	12
CTACCCTAAGGTCATA-1	T8	31	91
CTACGAACTAGGTCGA-1		5	73
CTACGACTAGCTATAA-1		38	24
CTACGATCCTATCCTA-1		69	19
CTACGCACGGAGTACC-1		35	57
CTACGCCATTTCCGAT-1		12	80
CTACGTGTTGCCACCA-1		6	24
CTACTATCATAGGTTT-1		53	25
CTACTATCTTTCAGAG-1		29	93
CTACTCAAGGTATAGT-1	T13	60	42
CTACTCTAGGCCCGGC-1		31	25
CTACTGCCACCTGACC-1		27	63
CTAGACATATATGTAG-1	T7	8	108
CTAGACTGCATTTCGT-1		10	96
CTAGATAAACTCCTCG-1		7	25
CTAGATGTGAGTGTAA-1		33	103
CTAGCATAGTATAATG-1	normal	34	66
CTAGGCGGCAGAGAAT-1		4	32
CTAGGGATAGGGACAA-1		71	43
CTAGGTCTGAAGGAAT-1		36	104
CTAGGTTCGGACGTGA-1		58	70
CTAGTAGAAAGGGATT-1		63	81
CTAGTATTCGGAATTA-1		14	80
CTAGTCACGTCTTAAG-1		37	69
CTAGTGAAGGACAGGA-1	T14	34	38
CTAGTTACAACCCGGT-1		53	67
CTAGTTGGGCCCGGTA-1		26	68
CTATAGGCGTTGATGT-1	T13	62	38
CTATATCCAGCCTGGC-1		69	31
CTATCGACGAAATACA-1	normal	53	93
CTATCGGGTCTCAACA-1	normal	35	69
CTATGAACACCTTGCC-1		72	28
CTATGCCCGAATGCAA-1		63	59
CTATGGGAAGCGGAAT-1		54	104
CTATGTCTATTGAAAC-1		11	55
CTATGTGAGTCACGGC-1		45	17
CTATTCATGTGTCCCA-1		52	62
CTATTGTGTTTGGTCA-1		13	101
CTATTTGCTTGGAGGA-1		70	64
CTCAAACCACTGCCCG-1	T13	64	40
CTCAACTAACCCGGAT-1		63	85
CTCAAGACATTAGCGC-1		14	102
CTCACACGCAAGCCTA-1		18	122
CTCACATTTACTAAAT-1	T22	62	68
CTCACCGATCCAAACT-1		8	118
CTCACTGTGATACTTA-1		63	75
CTCACTTGGCTGGTAA-1		40	26
CTCAGATTGTGATAAG-1		43	5
CTCAGGACTCACCTGT-1		16	30
CTCATCACTTAGTGAT-1		28	124
CTCATGGCTCACAATC-1	T18	13	63
CTCATGGTAATTTGCG-1		50	26
CTCATTAACGTTGCCC-1		29	127
CTCATTGCTCTAACAA-1	T21	60	78
CTCATTTGATGGGCGG-1		22	62
CTCCCTCCTTTCGATC-1		51	23
CTCCGCCCACATGAGG-1		43	39
CTCCGGCCTAATATGC-1		19	59
CTCCGGCTTGTAGACA-1		15	19
CTCCTAAGTTATGTCT-1		12	30
CTCCTCCAGCTCACAC-1	T22	62	50
CTCCTTTACGCAAGTC-1		23	109
CTCGAATGGAACGTAT-1		6	100
CTCGAGACATACGATA-1		55	7
CTCGAGATCCAAAGCA-1	T1	11	13
CTCGAGGCAAGTTTCA-1		72	32
CTCGAGGTCGAACAGT-1		29	59
CTCGCACCTATATAGT-1	T4	24	68
CTCGCATTGCATAGCC-1		60	12
CTCGCCGAATGTAGGG-1	T22	60	64
CTCGGGATAACACCTA-1		31	121
CTCGGGCATCGTCGGG-1		0	68
CTCGGGTTCTCTGGCC-1		61	27
CTCGGTACCACTGCTC-1		41	81
CTCGGTCCGTAGCCTG-1	T3	18	50
CTCGGTTGTCGGCCCT-1		56	26
CTCGTCGAGGGCTCAT-1		60	18
CTCGTTACGGCTACCA-1		70	40
CTCTAATGCATTGATC-1		24	110
CTCTACACTGGCGATT-1		43	17
CTCTAGCCCTCGGAAA-1		66	90
CTCTCGATGTGCGCCT-1		4	62
CTCTCGCTGTACTATG-1		24	6
CTCTCTAACTGCCTAG-1		57	21
CTCTGCAGGCATTCTT-1		71	23
CTCTGCGAAGCAAGCA-1		12	50
CTCTGGACGCCTGGTG-1		32	62
CTCTGTGCCTGCTATG-1		2	48
CTCTGTTTGAGGATTC-1		14	72
CTCTTCTATTGACTGG-1		46	100
CTCTTCTGGAAGTTAG-1	T13	62	40
CTCTTGTCCCGCTTGG-1	T13	54	58
CTGAAAGAGATCCGAC-1		19	69
CTGAATCCGAGACCTC-1		47	53
CTGAATTTATTGCCAG-1		22	106
CTGACTGCGCAGCTCG-1		31	101
CTGAGCAAGTAACAAG-1		15	25
CTGAGCGAGACTTATT-1		31	125
CTGATAGTGTATCTCA-1		32	16
CTGATCCCTTTATGCA-1		71	29
CTGCAAATGGGCTCCA-1		0	64
CTGCAAGCACGTTCCG-1		61	111
CTGCACAACTACATAT-1		50	76
CTGCACCTAGTCCACA-1	T9	29	117
CTGCACCTGGAACCGC-1		15	49
CTGCACTCCAGTACAG-1		54	70
CTGCAGAGAATCAGAG-1		61	101
CTGCCAAGGTTGGAAG-1		21	77
CTGCCCACGAAGCGTT-1		32	6
CTGCCTAGCCACCAAG-1		8	80
CTGCCTCATATGCAAC-1		33	121
CTGCCTTTAATACCTT-1		64	28
CTGCCTTTCTAGTAAA-1		63	93
CTGCGGGTGAAATGTT-1		31	23
CTGCGGTAGTCACGTG-1		10	92
CTGCGTTACGATATAA-1		16	90
CTGCTGAGGCCACGAA-1		49	35
CTGCTTGGCGATAGCT-1		53	75
CTGCTTTATGTCCGCG-1		20	112
CTGGAAATGGATGCTT-1		29	53
CTGGAAGACACGGTGG-1		50	88
CTGGACGCAGTCCGGC-1		51	13
CTGGATTTACACTTGA-1		49	55
CTGGCATCCGAATGAG-1		48	26
CTGGCGACATAAGTCC-1		17	81
CTGGCGCACAGGTCTG-1		37	89
CTGGCGGGAATAAGTA-1		20	22
CTGGCTCCTGCGGGAT-1		7	27
CTGGCTGATTCATCCT-1		44	96
CTGGCTGCTAACGTAA-1		5	25
CTGGCTGGTTGTCAGT-1	T13	54	56
CTGGGATACGCTACCC-1		37	117
CTGGGATCGCCCAGAT-1		1	63
CTGGGCACTAGTCGGA-1		1	97
CTGGGCCTGCTATATC-1		44	30
CTGGGCGGCCAAATGT-1		1	73
CTGGGCTATCCTTTGG-1	T7	6	108
CTGGGTAGGCAGTTAA-1		43	79
CTGGGTTGAGTTAAAG-1		53	11
CTGGTAACACATAGAA-1		42	88
CTGGTCCTAACTTGGC-1		7	65
CTGGTGAATGGGCCTA-1		65	19
CTGGTTCAACGCATCA-1		8	38
CTGGTTTCGAGCAAGA-1		46	88
CTGTAGCCATCTCACT-1	T13	56	46
CTGTAGTGAGGATCGA-1		69	43
CTGTATGGTGTAGAAA-1		20	32
CTGTCAAATGGCTCGG-1	T20	23	83
CTGTCACGCCAGGCGC-1		10	98
CTGTGCAGGGTAGGTC-1		42	70
CTGTGGTCGGGAGATA-1		55	89
CTGTTACCCAATCTAG-1		48	58
CTGTTCACTGCCTGTG-1	T16	22	56
CTGTTCATCTCACGGG-1		22	34
CTGTTGGCTCTTCTGA-1		20	2
CTGTTGTTCAGTCGTA-1		67	21
CTTAAATAAGACCCAT-1		25	9
CTTAACTTCGAAGTAC-1		11	63
CTTACACGGTATTCCA-1	T14	31	45
CTTACACTGGGAAATA-1	T3	16	48
CTTAGCCCGGATAGTG-1		27	9
CTTAGCCTTCCACATG-1		22	78
CTTAGGTATAGACCAG-1		63	15
CTTAGGTCCCAATCGT-1		23	127
CTTAGTAGGCCTACAG-1		32	102
CTTAGTGTAGTAGCAT-1		61	83
CTTAGTTGAGGAATCG-1		67	33
CTTATGCGCTCAGGGC-1		43	11
CTTATGTTGACTACCA-1		13	27
CTTCAACTCCACTTGG-1	T21	59	77
CTTCACGCCCTGGTAC-1		71	21
CTTCAGTGGTCGCCTA-1		54	18
CTTCATAGCTCAAGAA-1	T2	19	37
CTTCATTGTCAGTGGA-1		36	60
CTTCCGCTCCGTGAAG-1	T13	56	50
CTTCCTGCATATTTAC-1	T7	4	104
CTTCGATTGCGCAAGC-1		68	88
CTTCGGCCAATTGTTT-1		50	110
CTTCTATGTTGAAGTA-1		46	28
CTTCTATTAATGCTAG-1	T13	51	47
CTTCTGGGCGTACCTA-1		66	34
CTTCTTACGTCGTATA-1		14	60
CTTGACCCGAAAGATA-1		9	57
CTTGAGGTTATCCCGA-1		12	24
CTTGAGTTAGGGTAAT-1		39	93
CTTGCAACCGCCTCCT-1		43	25
CTTGGCCAAGCTGGGA-1	T22	61	57
CTTGTACTTGTTGACT-1		21	51
CTTGTCAACATTCGAG-1		50	66
CTTGTGAGTCTTTGAC-1		10	34
CTTGTTTATGTAGCCA-1		18	28
CTTTAACTTTCAAAGG-1	T4	23	67
CTTTAATATTGGTCGA-1		51	73
CTTTACCGAATAGTAG-1		50	84
CTTTAGGAACACTGTT-1		41	87
CTTTCTGTGCGGGCTT-1		54	66
CTTTGAAACATATTCC-1		0	96
CTTTGCATCGCTCTTG-1		60	94
CTTTGGCAGACAGAGT-1		5	113
CTTTGGCGCTTTATAC-1		32	18
CTTTGGCTTTAGTAAA-1		32	40
CTTTGGGATTGTTGCA-1	T13	62	44
CTTTGTCGAATGCTCC-1		57	7
GAAACAGATGACCACC-1		40	92
GAAACAGCCATGCAGT-1		13	61
GAAACATAGGAAACAG-1		60	20
GAAACCATGGTGCGCT-1		27	109
GAAACCTATACAAATG-1	T22	60	52
GAAACTCGTGCGATGC-1	T1	28	24
GAAACTCTAATGAAGG-1		13	73
GAAAGAACAGCGTTAT-1		37	103
GAAAGCAGTGCACTTT-1	T13	56	54
GAAAGCCCTTTGGACC-1		35	21
GAAAGTGACTAACTGC-1		25	31
GAAATACCTGCTGGCT-1		7	85
GAAATACTAAACGTTT-1		18	22
GAAATATCACCATCAG-1		33	23
GAAATATGCTTGAATG-1		16	110
GAAATCGCGCGCAACT-1		18	68
GAAATCTGACCAAGTT-1		18	2
GAAATGGCGGTGTTAG-1	T14	30	52
GAAATGGGATGTAAAC-1		13	17
GAAATTAGCACGGATA-1		18	96
GAAATTCACATCGCTG-1		13	49
GAACAACTGGGATGAA-1		67	85
GAACACACATCAACCA-1		22	50
GAACAGATTACTAAAT-1		57	71
GAACATTAGTATGTTA-1		14	122
GAACCATCTGGGAGAC-1		4	54
GAACCCTCTGTGTTCT-1	T22	59	67
GAACCTCGACCTACAC-1		41	9
GAACCTTTAACGATCC-1		63	79
GAACGACCGAATGATA-1		19	63
GAACGATAAGTTAAAG-1		27	123
GAACGCGGGTCACACG-1		48	114
GAACGGTGTAAAGCAG-1		4	110
GAACGTCTCATGGTCG-1		31	87
GAACGTTAGGAAGACG-1		33	15
GAACTGTGGAGAGACA-1		68	66
GAACTTAGCGCCCGGT-1		5	101
GAAGAAACGATATTGT-1		59	29
GAAGAACGGTGCAGGT-1		14	40
GAAGACTTCAATGCCG-1		3	65
GAAGCCACTGATTATG-1	T23	65	69
GAAGCCGGGTAAGCTC-1		23	3
GAAGCCTGCACATTCC-1		61	61
GAAGCGTGAGGAATTT-1		34	60
GAAGCTCGGACCCGTC-1		55	21
GAAGCTCTTTGCTTAG-1		14	4
GAAGCTTGCTGACCGC-1		29	35
GAAGGAGTCGAGTGCG-1		66	60
GAAGGGCATAACCATG-1		7	11
GAAGTCAGTTGCACTA-1	T13	52	58
GAAGTCTCCCTAGCGA-1		37	91
GAAGTGATTTATCGTG-1	T14	39	47
GAAGTGCTGGATAGCT-1		15	61
GAAGTTTCCACTCAAT-1	T14	36	46
GAATAGACGCGACCCA-1		42	92
GAATAGCCCTGCGGTC-1		18	110
GAATAGTGCTCGATTA-1	T13	60	36
GAATATTCGGAGTCCC-1		13	83
GAATCGACATGGTCAC-1		26	42
GAATCGCCGGACACGG-1		11	41
GAATCTATACTCGGAC-1		2	76
GAATGCCGAAATGACC-1	T1	21	17
GAATGCGAATCGGTTC-1		63	69
GAATGGGCTTATCGAC-1		40	6
GAATGTATGGCAGGTC-1		15	91
GAATGTGGTCCGGATT-1		43	81
GAATGTTGGGTAATCT-1		23	69
GAATTCACCCGGGTGT-1		47	55
GAATTTCTCGCTGCAG-1		28	30
GACAAACATATGCAGG-1		44	100
GACAACGACCATTGAA-1	T5	25	77
GACAACGCAGCTTACG-1		20	54
GACACAAGGGAAGAAA-1		30	72
GACACGAGTTAGAGGA-1		19	25
GACACTGAGTTCAGTG-1		44	46
GACACTGGAACCCGAT-1		52	110
GACAGATTTCTGGCTC-1		44	8
GACAGCCAGACCTGAC-1		42	86
GACAGGCACACACTAT-1		38	22
GACATACTGTCGCAGA-1		21	9
GACATCCGTCGAACTG-1	T23	65	71
GACATCGATTTATAAC-1	T13	52	50
GACCAAACGTTGACTG-1		58	108
GACCAGAGCCCTGTAG-1	T14	31	47
GACCAGGTCATTCATA-1		3	69
GACCCAATTATGATAC-1		54	20
GACCCGTCGCCGGCTA-1		9	59
GACCGACGTGAAAGCA-1		38	112
GACCGACTGAAGCGTC-1		34	22
GACCGATTAAATATGT-1		68	16
GACCGCGTCTGACGTG-1		50	112
GACCGTCAGGTCGTGA-1		13	81
GACCGTTACATGCGAC-1		38	6
GACCTTCCACGTCTAC-1		66	74
GACGACGATCCGCGTT-1		52	70
GACGAGGCTAATAAAC-1		56	100
GACGATATCACTGGGT-1		72	34
GACGCCGTAAAGGCTA-1	T13	54	54
GACGCCTGTTGCAGGG-1		11	31
GACGCTTGCTTCTAAA-1		38	36
GACGGACCGCGTTCCT-1		4	58
GACGGGTTGGCCCGTA-1	T22	61	51
GACGGTCAATAGAAGC-1		30	100
GACGTGAGACTCCATG-1		8	30
GACGTGTAGGGATTAT-1		28	32
GACTAACACAGCACCT-1		8	90
GACTAAGATCATGCAC-1	T15	23	53
GACTAAGTAGGCTCAC-1		27	43
GACTACAAAGCGGTGG-1		49	21
GACTACAATTGCTCGT-1		8	82
GACTAGGCCGTTAGGT-1	T12	66	78
GACTCACCCACGTGAG-1		38	106
GACTCCCAGAATAAGG-1		27	111
GACTCCTTCCAATTGA-1		56	10
GACTCGGTCGGCGGAT-1	T7	9	107
GACTGATTGGTCACAA-1		9	101
GACTGCAAATCGAGCT-1	T21	59	75
GACTGCACCAGCCCAG-1		46	80
GACTGCGGCACGTGTA-1	T1	27	15
GACTGCTGGTGAGAAA-1		67	39
GACTGGGCGCCGCAAC-1		6	94
GAGAACGGTTCTGACT-1		67	103
GAGAATCTCACGATCA-1		31	5
GAGACCCTGCAACGCC-1	T7	11	111
GAGACTGATGGGTAGA-1		28	56
GAGACTTCGCGACCGA-1	T13	53	57
GAGAGCGCAGTCCCTG-1		28	6
GAGAGGGCGCGAGGTT-1		38	40
GAGAGGTGCATTCTGG-1		44	28
GAGAGTCTCGGGAGAG-1		72	40
GAGATCTGCTTGGCAT-1		34	44
GAGATCTGTCACTCCG-1		30	74
GAGATCTTCCATGACA-1		45	77
GAGATGACAATCCTTA-1		27	121
GAGATGGGAGTCGACA-1		52	72
GAGCACCTGTGTCCAG-1		58	80
GAGCATCAACAACTTG-1		64	30
GAGCATCATCCCTGGG-1		12	40
GAGCCACGGTAGTAGG-1		9	47
GAGCCAGCTACCTGTG-1		53	89
GAGCCGAGCGTTTATT-1		13	107
GAGCGAGGGAGTACCG-1		14	58
GAGCGCAAATACTCCG-1		51	107
GAGCGCGCACGAGTAG-1		49	93
GAGCGCTGTTAGGTAA-1		61	23
GAGCGGAATGCGGTGT-1	T13	68	48
GAGCTAAGGGCATATC-1		29	83
GAGCTCTCGGACCTAA-1		15	33
GAGCTGTCGTCTCGGA-1		20	108
GAGGAATATCTCTTTG-1	T13	71	45
GAGGAATGGAGAGGTT-1		27	31
GAGGAGATCCTCATGC-1	T1	12	8
GAGGAGTAATTCCTAC-1		2	50
GAGGATAAACAGTGCT-1		40	114
GAGGCCCGACTCCGCA-1		55	23
GAGGCCTGTTGATACA-1		63	107
GAGGCTATCAAAGTCG-1		35	27
GAGGGAGTCAGATCGC-1	T13	65	41
GAGGGCATCGCGTATC-1		11	33
GAGGGCCATAATATTA-1		20	122
GAGGGTAGTAACAAAG-1		63	31
GAGGTACATCCATCTT-1		12	68
GAGGTACGCGTGTCCC-1	T23	67	67
GAGGTCCCAAAGATCT-1		18	26
GAGGTCTTAGTGGGTC-1		3	95
GAGTAAGGCCACGGGA-1		48	14
GAGTACGGGTATACAA-1		15	43
GAGTAGATACTAGTTG-1		62	64
GAGTATACCCTAATCA-1		70	30
GAGTATGCCCGCCTTG-1		49	43
GAGTATGCGCGTGCAT-1		63	71
GAGTCAGACCAGAATC-1	T13	56	48
GAGTCCGCTTACCGGA-1		46	58
GAGTCGACAGACCCTC-1		29	9
GAGTGTCAACCAGAAA-1		63	83
GAGTGTGCGGTACCCA-1		44	88
GAGTTGATGGCAATTT-1		51	19
GATAAATCGGTGGATG-1		15	41
GATAACTCGCACTGTG-1		39	89
GATAAGGCAGATGCAA-1		10	28
GATACGATGGGAGTCA-1		45	45
GATAGAACCCGCTAGG-1		70	56
GATAGGTAACGTTGAC-1		48	60
GATAGTGCGAGTAAGT-1		68	44
GATATCAGTATGTATC-1		9	9
GATATCTCATGCAATA-1		12	58
GATATGAGACACTAAC-1		39	81
GATATGCGGTAGCCAA-1		19	91
GATATGGATTACGCGG-1	T1	28	18
GATATTGAGATTGGCG-1		34	100
GATATTTCCTACATGG-1		17	89
GATCAACATAAAGGGA-1	T13	62	36
GATCATTCCAAACATT-1		30	56
GATCCCTTTATACTGC-1		28	60
GATCCGGGAATTAACA-1		39	73
GATCCTCGACACTGGC-1		50	32
GATCCTCTTGCGCTTA-1		7	83
GATCGACACTATCTGA-1		27	47
GATCGCGGGCTCTCCA-1		36	52
GATCGCTACCCGATTT-1		50	98
GATCGCTATATCTCAG-1		61	25
GATCGCTGTGGTGCGT-1		70	18
GATCGGATAGAACCAT-1		41	13
GATCGGCGATAAGTCG-1	T1	20	14
GATCGGTGGCCATAAC-1		28	68
GATCGTGACTGATATC-1		38	72
GATCTGCTATCTAAGG-1	T22	62	56
GATCTTCATTGTCCTC-1	T1	19	9
GATCTTGGAGGGCATA-1		44	70
GATCTTTGCAGGGTAT-1	T14	36	38
GATCTTTGCTCAAAGA-1		12	120
GATGACAAGTAGGGCA-1		57	33
GATGACGATGATCGCG-1		19	113
GATGCCAGCAGAAGGC-1	T1	23	17
GATGCCTTCTGCGGCA-1		58	14
GATGCGAATGGTATTA-1		26	10
GATGCGTCCTGCATTC-1		37	57
GATGCTACAAGCGCCT-1	T3	17	51
GATGCTACCTTCGATG-1		70	58
GATGCTGTATTTCATC-1		43	75
GATGGCGCACACATTA-1		19	29
GATGGTGCCCTAGGCA-1		10	78
GATGTAACGAACCACC-1		51	21
GATGTCCGGATCACAT-1		7	37
GATGTCGGTCAACTGC-1		9	73
GATGTGTTGTCACAAG-1		6	78
GATGTTCAATCCACGA-1		41	43
GATGTTTGTGCGAGAT-1		20	30
GATTAACCGAAAGCCC-1		55	93
GATTAATCCTGGCTCA-1		4	28
GATTCCCTTGTCGCAG-1		25	67
GATTCCGCGTTTCCGT-1		16	76
GATTCCTATACGGCGC-1		25	23
GATTGACACTCTGCTC-1		5	63
GATTGCTCCAGTTGCA-1		63	27
GATTGGGAAAGGTTGT-1		66	80
GCAAACCCTACATTAT-1		48	82
GCAAACCTTGGCCATA-1	T22	57	67
GCAAAGGGCGTTAGCC-1		66	20
GCAAATATTACGCTTT-1		35	41
GCAAATGAGGACACTT-1		41	5
GCAACACACTAGAACT-1		46	16
GCAACAGCAGTATGCG-1		46	106
GCAACCACCAGACCGG-1		14	92
GCAACCACGGCCGCGT-1		43	29
GCAACGGCTAGTTATG-1		43	113
GCAAGAATTCCTTGGC-1		44	36
GCAAGATGTGTTCGCG-1		11	105
GCAAGTGCACAGAGAA-1		24	42
GCAAGTGTAAAGCATG-1		67	45
GCAATTAGTCGCACCG-1		31	123
GCACAAACCCTAGATG-1		65	21
GCACAAACGAGGCGTG-1		46	114
GCACAACCTCGGGCGT-1		58	10
GCACAAGTGGATCATA-1		16	6
GCACAAGTGTCGGAAG-1		10	64
GCACACACTGGTAGCC-1		56	94
GCACACGCCCATGGTC-1		34	10
GCACAGCACGGGCCGA-1		72	42
GCACGCCTACTTAGAT-1		55	39
GCACGTGGTTTACTTA-1		64	106
GCACTAGTCGCGCTAT-1		13	43
GCACTGCCTACCTTTA-1	T23	66	68
GCACTGTGCAAATGTA-1		9	33
GCAGACCCAGCACGTA-1		39	103
GCAGATCCATAAGACT-1		51	85
GCAGATCCTCGCAAAT-1	T1	23	13
GCAGATTAGGGATATC-1		37	61
GCAGCACACAGCCCAG-1	T14	38	42
GCAGCCTATATCACAT-1		35	113
GCAGCGGTGGGCATTA-1		7	31
GCAGCTATGGACAGGT-1		13	113
GCAGGAACTTAGATCT-1		53	15
GCAGGACTATAGAATA-1	T14	35	37
GCAGGTAGAGTATGGT-1		18	94
GCAGTGTGGCTATAGG-1		59	83
GCATACGAGGTCTTTA-1		38	14
GCATAGAGCACTCAGG-1		37	59
GCATCCCTAACTTTGA-1	T2	16	42
GCATCGGCCGTGTAGG-1		49	103
GCATGAGGGACGCGGC-1		30	90
GCATGCTAATAACGAT-1		67	95
GCATTCAAGGCAACGC-1		28	108
GCATTCGAAATGAACA-1		28	14
GCATTGTAATTCATAT-1		41	21
GCATTTCCAAGGCTCC-1		33	111
GCCAACCATTTCCGGA-1		26	106
GCCAAGAATACTTCTG-1		46	10
GCCAATAGGGCATCTC-1		25	103
GCCACTCAGAGCGCGA-1		59	95
GCCAGGAAAGAACACT-1		71	35
GCCAGGAGTAACCGAT-1		21	89
GCCAGGCGTTCGCATG-1		9	89
GCCATCGAGCTGCGTG-1	T13	53	47
GCCATCGATGCTGCAT-1		32	110
GCCATTAGCCTCAAAC-1		55	13
GCCCACCAAGGCTGTC-1		12	38
GCCCAGATGCTGGAGA-1		37	121
GCCCAGTTGGTATGCC-1		22	38
GCCCATGGGTGCAATG-1		0	88
GCCCGACTTCTTCCCG-1		49	25
GCCCGAGAGTCTAAAT-1		62	10
GCCCGATCTGTGGTCG-1		53	63
GCCCGCGCGTAAACGG-1		49	41
GCCCGCGCGTTTGACA-1	T2	20	40
GCCCGTAATACCTTCT-1		27	79
GCCCTAGCCGTCGCGA-1		54	16
GCCCTGAGGATGGGCT-1		68	74
GCCGAAATTCCTACGT-1	T14	35	45
GCCGACCCACGACTGC-1		62	30
GCCGCATTAGTCCGGC-1		35	17
GCCGCTAGATACGCAG-1		2	96
GCCGCTTGTGAGAAAC-1		36	40
GCCGGAAACACATCTT-1		3	53
GCCGGTCGTATCTCTC-1	T13	70	54
GCCGTCGGTTTCGGGC-1		71	41
GCCGTGGAAGAAATGT-1		39	115
GCCTAGCGATCTGACC-1		20	42
GCCTATAGTGTCAGGG-1		29	91
GCCTATGCTGGGCCTT-1		18	114
GCCTATTCCGATATAG-1		24	30
GCCTATTTGCTACACA-1		8	50
GCCTCATCTGGAAATA-1		41	95
GCCTCCGACAATTCAC-1		60	98
GCCTCTATACATAGCA-1		55	75
GCCTGCTACACTGAGA-1	T7	8	106
GCCTTCAGCCCTACCG-1	T3	16	50
GCCTTGTATATGCAGT-1		17	15
GCCTTTGTCAGTGGAC-1		64	10
GCGAAACGATCGGGAG-1		54	100
GCGAAACTTAACTGGA-1		44	82
GCGAAGAATCTGACGG-1		66	84
GCGAAGCCATACCCGT-1		31	61
GCGACATGTAAACATC-1		37	107
GCGACCCAACCATCTG-1		59	33
GCGACGATAGTTGTAC-1		48	54
GCGAGAAACGGGAGTT-1	T1	13	13
GCGAGAGGCCATGTAA-1		21	113
GCGAGAGTTGCGTCCA-1		33	107
GCGAGCGCATGCTCCC-1		37	109
GCGAGGCCCGAGCAGA-1	T14	37	47
GCGAGTTCTGCAAAGA-1		35	63
GCGATTCTGGAAGCAG-1		10	74
GCGATTGTTAACGTTA-1		37	77
GCGCAAATATATTCAA-1		58	28
GCGCAAGAGCGCGCTG-1		40	100
GCGCCTCCCACTCCGA-1		48	110
GCGCGATGGGTCAAGT-1		2	44
GCGCGGTCTAGTAACT-1		68	60
GCGCGTCATTGGTACA-1		57	83
GCGCTAAGTATGCATG-1		2	86
GCGCTAATTGAATAGA-1		34	70
GCGCTGATCCAGACTC-1		17	87
GCGCTGCTTTGCATTT-1		28	94
GCGCTTAAATAATTGG-1		57	89
GCGGACCGCGTTGTGG-1	T13	51	43
GCGGAGAAACTTCGCA-1		55	33
GCGGAGAGGGAGAACG-1		46	78
GCGGCAAAGTATTGCC-1		59	27
GCGGCTCTGACGTACC-1		38	38
GCGGGAACCAGGCCCT-1	T3	18	48
GCGGGCATTACGATGC-1	T9	31	119
GCGGGCGAGCCTTACC-1	T13	55	51
GCGGTAACCCAAATGA-1		7	23
GCGGTCCCTAGACGCA-1	T3	13	45
GCGGTGCGGAGCATCG-1		19	5
GCGGTTCCCTATCATG-1		47	49
GCGTAAATGGCCATAA-1		34	102
GCGTCCAGCTCGTGGC-1		3	35
GCGTCCCTAAGACATA-1	T13	64	42
GCGTCGAAATGTCGGT-1		17	65
GCGTCGCCAGGGTGAT-1	T13	54	62
GCGTCTCTGCATTGGG-1		39	41
GCGTGGTACTGGGTTA-1		35	95
GCGTGTATGTCGTATT-1		3	61
GCGTTATATTTGGAAC-1		31	13
GCTAAACCTGAGGTGA-1		23	23
GCTAACTGAAGTCTGA-1		58	88
GCTAAGTAAAGGCGAT-1		27	13
GCTAAGTAGTTTCTCT-1		34	80
GCTAATACCGAATGCC-1		21	47
GCTACAATCGAGGATA-1		62	104
GCTACAGTACGGACCG-1		40	14
GCTACTATAGTAGAGT-1		50	94
GCTAGACCGTCTACTG-1		42	104
GCTAGAGTAGAGATGT-1		56	96
GCTAGCAGGGAGTGGG-1		15	101
GCTAGCGATAGGTCTT-1		66	24
GCTAGCTTGAATAGCT-1	T13	52	44
GCTAGGCACCACGGAG-1		54	84
GCTAGTTTCATTGAGG-1	T2	17	37
GCTATCATACTCATGG-1		54	78
GCTATCGCGGCGCAAC-1		20	24
GCTCAACCTCTTAGAG-1	T1	17	9
GCTCAATCCGTTTATT-1		53	35
GCTCAATGTAATACCG-1		62	58
GCTCATTACTGCATGT-1		13	93
GCTCCATGCAAAGCAA-1		69	55
GCTCCCAGTCGGTCCA-1		43	109
GCTCCGCTCGCTTCAG-1		42	112
GCTCCGGACGTTGATA-1		3	103
GCTCCTGACATACTGG-1		56	32
GCTCGCGGTTCCGCTC-1	T1	25	13
GCTCGCTCATGTCCAA-1		41	99
GCTCGGAATTTAAAGC-1		22	84
GCTCTAAACCCTGACG-1		24	58
GCTCTATGTTACGTGC-1		26	40
GCTCTCGGGTACCGAA-1		26	58
GCTCTTTCCGCTAGTG-1	T22	64	54
GCTGAATCTTCCAATC-1		59	23
GCTGAGCAACGGTTCT-1		19	7
GCTGAGGCGTGAGTAT-1	normal	40	64
GCTGCGCCTCCCACGT-1		21	1
GCTGCTAAGTAGTCGA-1	T13	56	56
GCTGCTACTGCGTAGC-1		51	75
GCTGCTCTCCGGACAC-1		31	63
GCTGGACCCAAAGTGG-1		14	106
GCTGGCATATTCACCT-1		31	31
GCTGGCGGCGCATGCT-1		54	64
GCTGGTGACTCGTAGT-1	T7	11	117
GCTGGTTTAGGCCATA-1		60	14
GCTGTATTACTGGCCC-1		46	38
GCTGTCTGTGATCGAC-1		1	91
GCTGTTGCTACCGAAC-1		39	95
GCTTAATGTAACTAAC-1		42	84
GCTTACGTAGTTAGTA-1		36	112
GCTTAGGGAAGCGGTA-1		12	124
GCTTATGAAGCAGGAA-1		35	89
GCTTCAGTGGGATTAC-1		7	113
GCTTCCAGCTTAGATT-1		8	16
GCTTCCGTCCCTAGAC-1		29	77
GCTTCGACGTTCAATC-1		69	15
GCTTGATGATAATCAG-1		22	36
GCTTGCAGCACAATTG-1		19	117
GCTTGGATCGATTAGG-1		31	97
GCTTTCAGAGGAGGTG-1		33	95
GGAAACCTTGTTGAAT-1		20	106
GGAAACTAAATGGGCC-1		60	102
GGAAAGTGCCCATGCC-1		20	90
GGAACCCGAACAAGAA-1		23	9
GGAACCGTGTAAATTG-1		49	47
GGAACCTTGACTCTGC-1		59	21
GGAACTTTGGCGATTA-1		60	110
GGAAGCTCGCTTACAG-1		11	83
GGAATAACCTCAAGAA-1		6	60
GGAATGCGCTAGCGTG-1		32	82
GGACAAGTTGCAGTGA-1		33	7
GGACACAAGTTTACAC-1		47	111
GGACCAACAGGATAAC-1		51	67
GGACCTACGGTAACGT-1		17	109
GGACCTCTAGGCCGCC-1		58	30
GGACGGCTTGCGCAAC-1		7	101
GGACGTCCATAGTTGG-1		14	116
GGACTAAGTCAGGAGT-1		27	5
GGACTCGACAGCGCAT-1		68	46
GGACTCGTGAGTGGTC-1		64	38
GGAGAAGTCATTGGCA-1		23	41
GGAGACCATCTACATA-1		50	8
GGAGCAACATTTCAAG-1		57	103
GGAGCACCAAGAACTA-1		26	82
GGAGCGAGGCCTACTT-1	T23	67	69
GGAGGATTGAAAGGAG-1		7	73
GGAGGCCGAAGTCGTC-1		40	116
GGAGGCGAAGAACCGC-1		3	101
GGAGGGCTTGGTTGGC-1		32	78
GGAGTGCCGCCCTGGA-1		19	53
GGATACTCATGAATTG-1		9	45
GGATCAAAGGACGAGG-1		6	52
GGATCCCTACCAGCTA-1		8	12
GGATCCGGAATATACT-1		34	82
GGATCTTACTGCCCTT-1		65	35
GGATCTTGACTCAACC-1		51	17
GGATGAAGATCGCTGA-1		42	94
GGATGACGCGAGTTTA-1	T14	37	45
GGATGCTGGCGTTCCT-1		39	19
GGATGGCTTGAAGTAT-1		68	98
GGATGTCCTTACCGCA-1		35	91
GGATTAAGCTAAGGTC-1		7	87
GGATTCAGTACGGTGG-1	T2	19	33
GGATTCCGCTATACCC-1		19	81
GGATTGCTGTGACTCC-1		60	84
GGATTTCACTTCTATA-1		31	83
GGCAAAGGCGCCAATA-1		54	34
GGCAAGCCCATAGTGG-1		67	61
GGCACTCCACTGGGCA-1	T14	34	46
GGCAGCAAACCTATGC-1		51	103
GGCAGCGGTAATCCTA-1		14	100
GGCATACAGGTAGCGG-1		34	32
GGCATATCGGTTCTGC-1		17	83
GGCATCAACGAGCACG-1		5	51
GGCCACAAGCGATGGC-1		4	44
GGCCACACGAAAGCCT-1		22	2
GGCCCAATCTAGAGGG-1		7	117
GGCCCAGTTATCAGCA-1		12	116
GGCCCGGAGCATGTCT-1		35	119
GGCCCGTATACCATGC-1	T9	27	119
GGCCCTCACCCACTTA-1		37	23
GGCCGAGACTCTGGTG-1		62	32
GGCCGGCGTCTGCTAT-1	T12	65	79
GGCCGTTTGGGTTTCA-1	T13	59	45
GGCCTGCTTCTCCCGA-1		59	113
GGCCTTTGCAACTGGC-1		36	8
GGCGAAATCTAACTTG-1		43	87
GGCGAGCGAAACGGCA-1		51	7
GGCGCAGGACATCTTC-1		37	27
GGCGCGGAGATCTTTC-1		58	86
GGCGCGTTCGAGTTTA-1		47	59
GGCGCTCCTCATCAAT-1		17	19
GGCGCTTCATTCCCTG-1		67	71
GGCGGAGTAATATTAG-1	T14	32	46
GGCGGTAGGATCATTG-1		31	69
GGCGGTTTGCCGGTGC-1	T1	15	11
GGCGTACCCTATATAA-1		2	52
GGCGTAGGGAAAGCTG-1		64	82
GGCGTCCTATCCGCTG-1		31	33
GGCTAAAGGGCGGGTC-1		19	99
GGCTAATGATTGAAAT-1	T7	11	113
GGCTACTATACACTCC-1	T13	64	44
GGCTATTAAGTTGTAT-1		33	41
GGCTCCTCCACCTGTT-1		59	35
GGCTCGCGTTGAGGTA-1	T8	31	93
GGCTCGTGCCACCAGC-1	T2	20	38
GGCTCTGCTCCAACGC-1	T5	26	72
GGCTGAAATAGCAAAG-1		49	79
GGCTGAGCATCGTAAG-1		9	99
GGCTGGCTAGCTTAAA-1		11	29
GGCTTTCAATAAGGGT-1	T22	60	62
GGGAACGGGAGGTTAG-1		39	37
GGGAACGGTTTCAGAT-1		64	32
GGGAAGACGGTCTGTC-1		64	76
GGGAAGGGCTTTCTCA-1		63	87
GGGAATTCTGTCCAGT-1		28	4
GGGACAGAGTTACTCC-1		57	19
GGGACCCGTATATCTT-1	T13	57	53
GGGACTGCATAGATAG-1		32	60
GGGAGCGACCGTAGTG-1		68	86
GGGAGGATGCCCGAAA-1		37	51
GGGAGTAATGGCTGGC-1		10	42
GGGAGTTAATGAGGCG-1		33	75
GGGATACGGTAATAAT-1		21	7
GGGATCCCAATACAAA-1		18	120
GGGATGGTCGTAACCG-1		47	43
GGGATTTACCGCACCT-1		42	90
GGGCAACCGCACGTGC-1		55	19
GGGCACGTAGTACTGT-1	T13	70	48
GGGCAGAGCAATCGTT-1	T22	58	60
GGGCAGTCAACGCCAA-1		69	79
GGGCCCTACGAAAGGG-1		38	16
GGGCCCTTATCTATAC-1		33	5
GGGCCTAAATGGGCTA-1		45	9
GGGCCTATTTAAGTAT-1		13	117
GGGCGAATTTCTCCAC-1		17	7
GGGCGATATGTGTGAA-1		28	58
GGGCGCAGCGTTACTC-1		34	120
GGGCGGCAAATGAATT-1		49	45
GGGCGGGTTCCCTACG-1		43	37
GGGCGGTCCTATTGTC-1		14	28
GGGCGTACATTTATAT-1	T15	24	54
GGGCGTCACCACGTAA-1		48	50
GGGCGTCCACTGGCTC-1		16	84
GGGCGTGGTTTCCCAG-1		61	81
GGGCGTTTACATTCAT-1		66	26
GGGCTATGATCGATGG-1	T13	57	51
GGGCTGGTTAGTCGCG-1	T14	31	51
GGGTAATGCTGTGTTT-1		9	21
GGGTACCCACGGTCCT-1		14	26
GGGTACTTCATGAACT-1		37	39
GGGTATGTATGCACTT-1		28	28
GGGTATTCTAGCAAAC-1		55	15
GGGTCACCGTGACGGT-1	T14	35	47
GGGTCACGTGCTTATG-1		2	102
GGGTCAGGAGCTAGAT-1	T22	65	55
GGGTCATGCGTACCAT-1	T1	22	14
GGGTCCTTGGAAGAAG-1		71	11
GGGTCGTGGCAAGTGT-1		25	107
GGGTGACACCTTAACT-1		46	56
GGGTGCATATGAAAGC-1		30	112
GGGTGGTCCAGCCTGT-1		7	69
GGGTGTTTCAGCTATG-1		16	68
GGGTTAACATTTGAGT-1	T13	54	50
GGGTTCAGACGAACAA-1		19	19
GGGTTTAGGATAGGAT-1		43	107
GGTAAATGTGCGTTAC-1		11	81
GGTAACCGGGAGGATA-1		57	27
GGTAACTATGTATCTG-1		12	44
GGTACATCTGGGACGA-1		38	18
GGTACCATTAAGACGG-1		29	105
GGTAGAAGACCGCCTG-1		53	71
GGTAGACCGTTGGGCG-1	T13	53	53
GGTAGTGCTCGCACCA-1		34	72
GGTATAGTGACACATA-1		34	114
GGTATTGCCGAGTTTA-1		33	53
GGTCAAGACTACTTCG-1		53	105
GGTCACGTTAGATTCA-1		6	38
GGTCAGTGGGTCCCAC-1		48	62
GGTCATTGTAGTCATA-1		14	120
GGTCCCATAACATAGA-1		1	103
GGTCCTTCATACGACT-1	T1	13	9
GGTCGGCCAGGAGCTT-1		32	84
GGTCGGTAATTAGACA-1		12	36
GGTCGGTCGTCCACAG-1	T13	56	52
GGTCGTAAGCTCGCAC-1		49	19
GGTCTCCGTCCAGGTT-1		63	101
GGTCTCTGAATGGACT-1		52	34
GGTCTGAGAATCTGGA-1		30	80
GGTCTTGAGCGCTCTT-1	T23	65	65
GGTGAAACCGGGAATG-1		6	48
GGTGAACGGGCTAGCC-1		8	32
GGTGAAGTACAGGGAT-1		47	37
GGTGAGATGCAGATAA-1		16	36
GGTGATTTCATCTTGT-1		9	39
GGTGCAGAGCCTATCG-1		12	104
GGTGCATAAATGATTA-1	T13	67	47
GGTGCGGATAAGTGGC-1	T3	16	46
GGTGCTGATCACAAAG-1		27	21
GGTGGACCACGTGTTA-1	T7	7	105
GGTGGACTGCTCTGGC-1		55	85
GGTGTAAATCGATTGT-1		69	65
GGTGTAGGTAAGTAAA-1	T13	70	50
GGTGTTCTGTTTCTAC-1		4	90
GGTTACCACCCTCGGG-1		45	33
GGTTACCCGACACTTT-1		33	123
GGTTAGCTATATGTCT-1		47	87
GGTTAGGCTTGGAGAA-1		28	36
GGTTAGTTACGGCGCC-1	T1	27	23
GGTTCCACCCGCTTCT-1		2	90
GGTTCGATGCTGAGTT-1		4	112
GGTTCGGATTATACTA-1		39	7
GGTTCTACTCGTCTGA-1		39	105
GGTTGTATCGTGAAAT-1		1	51
GGTTGTGCTCTTGTCC-1		24	10
GGTTGTGTAGCCTGGC-1		33	13
GGTTTAATTACCATCG-1	T13	63	39
GGTTTACAATCTCAAT-1	T5	25	73
GGTTTAGCCTTTCTTG-1		46	102
GGTTTCAATCGGTCAG-1		33	91
GGTTTGACAAGAAGCT-1		12	112
GGTTTGAGTGCTGGAA-1		12	42
GGTTTGTGACCTGAGG-1		61	105
GTAACAACTGACCTTG-1	T7	11	119
GTAACATCTAAGATAA-1		56	110
GTAACTGCCCAAGGAG-1	T13	66	46
GTAACTTGCGGCAGTC-1		10	40
GTAAGCGGGCAGTCAG-1	T4	23	63
GTAAGGATTTGTCGGA-1		10	68
GTAAGTAACAGTCTGG-1		40	82
GTAAGTAGGGTATACC-1		26	36
GTAATAAAGGGCTCCC-1		31	103
GTAATCTGATTCTTCG-1		50	44
GTACACTTACCTGAAG-1		36	64
GTACGACGGCGCTGCG-1		12	26
GTACGAGATTGCGACA-1	T16	21	57
GTACGCTTCATTGCAC-1		46	72
GTACGTCACGTATTAA-1		11	107
GTACTAAGATTTGGAG-1		27	55
GTACTCCCTTATCGCT-1		36	28
GTACTGAGGTCGTAAC-1		11	47
GTACTGCATGAAGCGT-1		11	39
GTACTGGAGTTAGACC-1		33	81
GTACTTGGGCACTTCT-1		17	33
GTAGACAACCGATGAA-1		7	55
GTAGACACGCCTGACT-1		63	67
GTAGACGTCGTTACAT-1		13	39
GTAGAGGGAGACAAGT-1		51	31
GTAGCCAAACATGGGA-1		50	70
GTAGCGCTGTTGTAGT-1		6	50
GTAGCGGCTATACACT-1		39	69
GTAGCTAGTAAGCGCG-1		2	80
GTAGCTCCGGGAGGCT-1		65	37
GTAGCTTCCTCTTGTT-1		31	89
GTAGGTGATCCGTGTA-1		17	79
GTAGTCGCGGGAATCA-1		49	81
GTAGTCTACGATATTG-1		63	77
GTAGTTCGAAGGCGAA-1		65	39
GTATAATCTCCCGGAT-1	T1	14	12
GTATAGGACTCAGTAG-1		20	58
GTATAGTGGCCCATGT-1		4	92
GTATATGTTACGGCGG-1		6	20
GTATCAAACGTTAGCT-1		55	97
GTATCAGCTTGGGTTC-1	T2	20	34
GTATCCTTTGGTAACC-1		64	92
GTATCTCAGTCTTGAC-1		58	22
GTATCTCCCTAACTGT-1		0	60
GTATCTCGGGCGCTTT-1		71	19
GTATCTTTCATAACCA-1		46	66
GTATGAAATTTCACTC-1		52	22
GTATGACGTGGGAAAC-1		7	29
GTATGTGGGTCTAGTT-1		38	92
GTATTAAGGCGTCTAA-1		20	26
GTATTAGGGTTCGCGT-1	T7	7	109
GTATTCTGAGAAACGA-1		48	38
GTATTCTTACCGTGCT-1		7	21
GTCAAAGAAGTGGTGT-1		56	18
GTCAAAGTTTACATAG-1		13	29
GTCAACCAGGCCTATA-1		65	103
GTCAAGCGGACTCGGG-1		39	77
GTCAATTGTACTGAAG-1		5	45
GTCACAAAGTTTCCAA-1		9	61
GTCACCTGTCTATGTC-1		3	97
GTCACTCTCCAAATCT-1		23	31
GTCAGAATAGTCTATG-1		30	32
GTCAGTTGTGCTCGTT-1		9	71
GTCAGTTTGGTAGTCG-1		29	13
GTCATCTCCTACAGCT-1	T1	12	12
GTCATGCACCTCCGTT-1		29	61
GTCATGCGCGAGGGCT-1		64	98
GTCATGGACATGACTA-1		26	62
GTCATTAGAGCGAACG-1	normal	37	67
GTCATTGCATTGACCC-1		31	17
GTCCAATATTTAGCCT-1	T22	65	53
GTCCAGGCACGTGTGC-1		70	44
GTCCATTACTGCTACG-1		42	106
GTCCCAACGTAAAGTA-1		33	73
GTCCCGCGACGTTATG-1		58	82
GTCCGAGAGCAATCAT-1		32	8
GTCCGGACCTGAAATT-1		54	88
GTCCGGCTGAATTGCG-1		28	52
GTCCGGGTTCACATTA-1		69	71
GTCCTACAGGCGGCTC-1		18	16
GTCCTACGAATAGTCT-1		53	91
GTCCTATTGTTGTGGT-1		29	7
GTCCTTCTACAACCCA-1		22	6
GTCCTTCTAGTGGGTT-1		10	82
GTCCTTTAATGACTTC-1		8	104
GTCGAATTTGGGCGCT-1		69	17
GTCGCCGTTGTGTGTT-1		57	43
GTCGCGTAACCCGTTG-1		39	75
GTCGGAAGGATACCAG-1		13	115
GTCGGATATCTCAGAC-1		32	36
GTCGGATGTAGCGCGC-1		17	77
GTCGGGAACATGGTAG-1		40	4
GTCGGGAAGCAGAAAC-1	T22	59	65
GTCGTACCATCTCGGG-1		46	62
GTCGTACCTACGATTG-1		37	9
GTCGTATTGGCGTACA-1		19	95
GTCGTCAATTATAAGG-1		11	45
GTCGTCTGGTTGGCTA-1		30	122
GTCGTGTCTGGTCATC-1		28	110
GTCGTTATTCGCTTAT-1		46	76
GTCTACTCAATTACAA-1		37	13
GTCTAGTGAGCCGCTT-1		66	92
GTCTATCTGAGTTTCT-1		40	42
GTCTATTGCATGCTCG-1		65	105
GTCTATTGGTTCCGGT-1		50	90
GTCTCAAGGCCCGGCT-1	T22	60	66
GTCTCCTGCCAGTATG-1		59	13
GTCTCGACTAAGTTTG-1		25	111
GTCTCGATCTGCTTTC-1		20	80
GTCTCGCCAACACGCC-1		0	72
GTCTGGGCGGTCGAGA-1		46	44
GTCTTAGTACAGCCGG-1		12	78
GTCTTGAGGAGCAGTG-1		38	116
GTCTTGTAGCTATTCA-1		44	112
GTGAAACGTGCTCCAC-1		11	37
GTGAACTCCCATTCGA-1		30	104
GTGAAGCCGTATAGTC-1		21	107
GTGAAGTCACGACTCG-1		49	7
GTGACAGCTTCCCACT-1		64	74
GTGACCGCACACTACG-1		39	91
GTGACCTAAAGAATAA-1		30	124
GTGACGAGGGTGACCC-1		32	114
GTGACGCAGGTTTCAT-1		65	75
GTGAGATAACCTTATA-1		69	41
GTGAGCGTGCTGCACT-1		33	25
GTGAGGACACTTAAGG-1		41	77
GTGAGGAGCGGTTGAG-1		13	87
GTGAGTCTAAGACGGA-1		25	11
GTGAGTGGTACAACGC-1	T13	52	56
GTGATCAAGCGTGCAC-1		65	27
GTGATCACTAACGCCT-1		47	97
GTGATCATAGATCTGC-1		45	57
GTGATCCTTGTCATGA-1		62	84
GTGATGCACAACATCT-1		12	96
GTGATTCGCCGCTCAA-1		48	40
GTGCAACAAATGTGGC-1		14	62
GTGCACCAGCTTCAAC-1	T22	66	54
GTGCACGAAAGTGACT-1		17	71
GTGCCATCACACGGTG-1		42	34
GTGCCCGTTCGGATTC-1		39	85
GTGCCGCTTCAAAGGT-1		44	44
GTGCCTAGCTATGCTT-1	T1	13	11
GTGCCTCAGTGTACGG-1		11	93
GTGCGAAATCGAACAC-1		45	43
GTGCGACAGGGAGTGT-1		36	100
GTGCGCAGCTTGCTCC-1		5	33
GTGCGGGACCATCGGC-1		6	40
GTGCGGGTCTCCAAAT-1	T16	20	56
GTGCGTGTATATGAGC-1		41	83
GTGCTCAAGTACTGTC-1		34	52
GTGCTGCAGATAAGGA-1		37	7
GTGCTTACATCAGCGC-1		46	116
GTGGAACCTACATGCG-1		15	81
GTGGACCAACCCGATT-1		45	29
GTGGACGCATTTGTCC-1	T22	56	64
GTGGACGTGCTGAGAC-1	T2	17	39
GTGGAGCGTTTACCGA-1		58	16
GTGGAGTCGGCGGTTG-1		54	38
GTGGCAAACAGCGGCA-1		50	20
GTGGCCGGTTTCTCGG-1		68	10
GTGGCCTAATATCATT-1		35	1
GTGGCGGGCCGTAGCT-1		1	69
GTGGCGGTCCCAGCGT-1		40	20
GTGGCGTGCACCAGAG-1		1	101
GTGGGAACAAACCGGG-1	T13	71	47
GTGGGAAGACTGAATC-1		45	15
GTGGGCTTAGACACAC-1		29	39
GTGGTATAGTCTGCCG-1		57	41
GTGGTCAGCGAAGTAT-1		8	92
GTGGTGGCCAAGTGAA-1		45	79
GTGGTTACTTCTTTCG-1		31	105
GTGGTTTCCGCCTTTC-1		42	32
GTGTACCTTGGCTACG-1		26	78
GTGTATATCAGCGGGC-1		58	76
GTGTATGACTTTAAAG-1		5	41
GTGTCAGTGTACGTGG-1		68	42
GTGTCCGATAAGGCAT-1		4	98
GTGTCGTATAGCGTTC-1		54	76
GTGTCGTATTCACCTT-1		9	117
GTGTGAATAACTTAGG-1		33	83
GTGTGTCGACGTCGCT-1		15	3
GTGTTACTATGCGTCC-1		41	75
GTTAAAGTAGGACTGG-1		49	83
GTTAACATCACTTAAA-1		55	73
GTTAACTATGTTGTCA-1		43	111
GTTAAGGGTGCGATGT-1	T22	61	71
GTTAAGTTAGAGTGGG-1		36	116
GTTAATGTCTATCTTA-1		30	12
GTTACAATTGGTGACG-1		37	33
GTTACCTACAACTTGC-1		47	67
GTTACGGCCCGACTGC-1		3	39
GTTAGAGTGTGCCGCT-1		7	75
GTTAGCCCATGACATC-1		67	75
GTTAGCCGTAAATCAA-1		30	110
GTTAGGCTACCCGTTT-1		54	14
GTTATAATACGGTGAA-1		53	107
GTTATATTATCTCCCT-1		48	56
GTTATCACCTTCTGAA-1		6	58
GTTATTAAATACGACC-1		3	85
GTTATTAACGTGGGAG-1		22	18
GTTCAATCTATGTCAA-1		4	84
GTTCACAGGAGTCTAG-1		32	34
GTTCAGTCGCCAAATG-1		70	60
GTTCATCGTTTGGCTG-1		33	105
GTTCCAGTCTGACCAT-1		17	53
GTTCCGTCCGCCTGCA-1		70	42
GTTCGACAATTGTATA-1		69	27
GTTCGCCATAAGTGCC-1		37	53
GTTCGCTGAGACGTCT-1		53	109
GTTCGGATCGGGAACA-1		44	110
GTTCGGGCGTACCATT-1		32	108
GTTCTTCCCTCGATGT-1		15	51
GTTGAGTCCCGCCGGT-1		52	78
GTTGCACGGAGTTTCG-1		24	48
GTTGGACCGCATCAGG-1		20	116
GTTGGATTCAGTGGCT-1		16	96
GTTGGATTGAGAACAC-1		32	88
GTTGGATTTGCGTTGG-1	T14	36	50
GTTGGTCATGCTATCC-1	T22	55	63
GTTGTCGTGTTAGTTG-1	T3	15	47
GTTGTTACATTGCGCT-1		12	118
GTTTACGTTCCATCTG-1		48	64
GTTTATGGGATTTAGA-1		22	8
GTTTCAAACGAGTTGT-1		61	109
GTTTCATATCGTCGCT-1		39	27
GTTTCCTGGAGGGTGA-1		25	49
GTTTGACCAAATCCTA-1		30	58
GTTTGGCCCAAGTTAT-1		42	80
GTTTGGCCGCTCAGCG-1		12	32
GTTTGGGCTTGTGAGC-1		51	65
GTTTGGGTTTCGCCCG-1		63	91
GTTTGGTAGGGTCAAC-1	T13	53	59
GTTTGGTGATCGGTGC-1		66	38
TAAACCCAGGAGGGCA-1		54	36
TAAACGTCGTCAATGA-1	T1	18	12
TAAAGACAACCCTTTA-1		40	118
TAAAGAGCCCGAAACC-1		10	46
TAAAGCGGTATTTCCA-1		63	49
TAAAGCTGCAATAGGG-1		17	97
TAAAGGAGAAACTAGT-1		0	74
TAAAGTGCACGTCTCG-1	T13	72	50
TAAATGAATCCGTTTC-1		23	29
TAAATGCCGTCTCATG-1		11	103
TAAATTTAGTAACACC-1		71	39
TAACAAAGGGAGAAGC-1		21	35
TAACAATATTTGTTGC-1	T1	28	16
TAACAGCGTTTGTGCT-1		63	37
TAACATACAATGTGGG-1		38	70
TAACATACACGCGATC-1		55	25
TAACCGCCCGCAGTGC-1		9	49
TAACCTACCGTCCGAG-1		33	101
TAACCTAGGGAGTCCA-1		60	106
TAACGCTTTGAGAGCG-1		27	29
TAACTATCGAAGGTCC-1		24	34
TAACTATTACGCCAAA-1		29	107
TAACTCCATGGAGGCT-1		19	27
TAAGAGGGACAGGGAC-1		63	19
TAAGATTTAGCGGGAG-1		4	36
TAAGCAGGCGACACGC-1		35	19
TAAGCCCTTACGACCA-1		14	114
TAAGCGCGAATCAAAT-1		65	25
TAAGGAACTTGTGGGA-1	T2	16	40
TAAGGCAACATAAGAT-1		25	71
TAAGGCATAACATCAA-1	T13	57	49
TAAGGCCCGTCACCCT-1		62	70
TAAGGCTGAATCCCTC-1		45	97
TAAGGGCCTGTCCGAT-1		57	95
TAAGGGCTGGGAGAGG-1		34	18
TAAGTAAATGTGCCGC-1		5	97
TAAGTAACATCTTGAC-1		46	40
TAAGTGAATAGTCTAC-1		72	24
TAAGTTGCGACGTAGG-1		53	95
TAATAAACAAGGAGAT-1		17	91
TAATACACAGTAGTAT-1		20	64
TAATACTAGAACAGAC-1		69	77
TAATAGAACAGAGTTA-1		50	38
TAATAGCTAAATGATG-1		26	124
TAATAGGTCACCAGAA-1		61	21
TAATAGTGACGACCAG-1		27	83
TAATATTGAAATTCGC-1	T3	17	47
TAATCAGGAATGCTGC-1		0	108
TAATTACGTCAGTAGA-1		62	102
TAATTAGATGGATATG-1		10	32
TAATTAGGACATCCGT-1		42	108
TACAAATTGCGGAGGT-1		1	81
TACAAGCTGTTCACTG-1		1	53
TACAAGGGCTTCTTTA-1		68	94
TACAAGTCTCGTGCAT-1	T1	31	27
TACAGAAACGGTGGGC-1		59	85
TACATCCCTATCCCTG-1		44	14
TACATCTTGTTTCTTG-1		17	3
TACATGACCTTATCCG-1		23	5
TACCAAATAGCCCAGA-1	T22	59	61
TACCAATAAAGTACCA-1		55	83
TACCAGAAGTAGGTTC-1		49	51
TACCAGCTAGGTTTAA-1		11	65
TACCAGGAATCCCGTC-1		68	36
TACCGAATAATTGTAA-1		67	93
TACCGCGGACTTGCAG-1		33	97
TACCGGCTCACTGCCC-1		47	65
TACCGGTCGTTTCCAT-1		44	34
TACCGTAGGTTAACTA-1	T22	59	57
TACCGTGCCTCGGACC-1		51	69
TACCTACTCCCAGTAT-1	T22	58	62
TACCTATCCCTAGAGG-1		40	2
TACCTCACGCTTGTAC-1		16	56
TACCTCAGTTGTCTGT-1		60	50
TACCTCCACACCAATG-1		65	29
TACCTGCTGCACTGTG-1		28	22
TACCTTAAGATTTCCC-1		49	29
TACGAACACGACTTCA-1		31	53
TACGACGCTTGCTGCG-1		46	54
TACGAGAACTTCACGT-1	T14	35	39
TACGATCCAAGCCACT-1		3	109
TACGATGTTGATCATC-1		35	35
TACGCCGAGGGTACCC-1		56	34
TACGCCTCCATTCCGA-1	T13	55	59
TACGCTATAGAAACCT-1		34	104
TACGCTCGGTATTGGA-1		61	113
TACGCTGCTGTGTTAA-1		68	24
TACGGAAGCCAAACCA-1		69	73
TACGGGATGCTAGCAG-1		21	83
TACGTAAAGCGGAGTG-1		63	103
TACGTACTAGTGCTGA-1	T13	62	42
TACGTGCACTATGCTG-1		21	33
TACGTGGGCCCAGGGC-1		69	81
TACGTTTACCGGCAAT-1		40	32
TACTATGGTTCCTCAG-1	T13	57	47
TACTCCTCTAGTTGAC-1		64	36
TACTCGGCACGCCGGG-1		36	16
TACTCTCCGAACAAAT-1		21	81
TACTCTTACTTTACTG-1		59	111
TACTCTTTCGTCTTCA-1	T13	58	46
TACTGAACAGATTTAG-1		56	44
TACTGGACAGCTCGGC-1		35	25
TACTTAAACATGTACA-1		66	108
TACTTGTTAGTAGTCC-1		37	87
TACTTTACTGAGCCGG-1		30	96
TACTTTCCGCACGCCA-1	normal	47	19
TAGAAACACAATAGTG-1		16	0
TAGAAACCACTAAGTA-1		5	79
TAGAAAGGTGGCGCTA-1		31	81
TAGAAATTCACGTATA-1		36	10
TAGAATAGCCGATGAA-1		62	100
TAGAATTAAGGGCAAC-1		10	76
TAGACGAAACGCCAAT-1		63	73
TAGACGCCCGTACCGG-1		32	90
TAGACTACCTAGCGTT-1		38	104
TAGACTCAGTTGGCCT-1		70	14
TAGAGATCATGCAACT-1		44	26
TAGAGCTACGAAGAAC-1		13	53
TAGAGGTTCTACTTGT-1		54	96
TAGAGTCTAAGCGAAC-1		29	55
TAGATATGGACTGGAA-1		49	53
TAGATCCGAAGTCGCA-1		10	72
TAGATGGTTCCTTACT-1		59	97
TAGATTCAAAGTGCGG-1		69	39
TAGATTCCTGGTTATT-1		32	20
TAGCAACCTGTCACAA-1		22	26
TAGCAGTATGACTAAA-1		66	98
TAGCCATTTCAAAGTC-1		43	89
TAGCCGGCGGTCAGCG-1		33	85
TAGCGTCCCTCGATTG-1		45	109
TAGCGTCCGGTGTGGT-1		53	77
TAGCGTCGAATATTGA-1		34	4
TAGCGTTGGGTCTTAC-1		38	68
TAGCTAAGTCCGGGAG-1		29	57
TAGCTAGAAGGCATGA-1	T13	51	51
TAGCTAGTGATGATGG-1	T13	60	48
TAGCTCAGATCCTAGT-1		8	116
TAGCTCGCCTGATAAC-1	T13	50	58
TAGCTGATGTGAAGCG-1		42	10
TAGGAACAGCCTCCAG-1		5	87
TAGGCATGTTACGCCA-1		23	85
TAGGCCTATATAGTCT-1		66	110
TAGGCGATGAGGTCTC-1		55	11
TAGGCGGCTGCAAAGA-1		65	13
TAGGCTAAAGTGGCAC-1		65	99
TAGGGAGCTTGGGATG-1		36	96
TAGGGTGTTTCAAGAG-1		22	54
TAGGTCCAAGTAAGGA-1		29	23
TAGGTCGCCGGAACTG-1		32	100
TAGGTGACGATAACCT-1	T21	61	79
TAGGTGAGCCCTACTC-1		29	33
TAGGTGCTCGCCTAGC-1		40	86
TAGGTGTTCCACAGAT-1	T22	60	60
TAGGTTCGAGTTCGTC-1	normal	35	67
TAGTACCACAACTTTC-1		63	13
TAGTACCTTAGTGGTC-1		21	21
TAGTAGCTTATACCAG-1	T13	61	43
TAGTCCCGGAGACCAC-1	T13	66	48
TAGTCCGTATGCATAA-1		15	13
TAGTCCTGCACTAAGC-1		69	25
TAGTCGATCACGGGTT-1		48	96
TAGTCGGGATTCTTCG-1		12	4
TAGTCTAACAACGAGA-1		40	34
TAGTCTGCGGCACATT-1		72	36
TAGTGAGAAGTGGTTG-1		3	41
TAGTGCCCTCCAGAGT-1		32	52
TAGTGGAACTCATACA-1		3	83
TAGTGTCAGAAACGGC-1		21	19
TAGTTAAGATAGGATA-1		12	82
TAGTTTATTCTTGCTT-1		13	57
TATAAATCCACAAGCT-1		20	44
TATAAGTGAGGATAGC-1	T2	21	39
TATACACAGACGCCTT-1		50	60
TATACACGCAAAGTAT-1	T2	18	36
TATACGCGTCATCACT-1	T22	60	68
TATACTCATGCGGCAA-1		20	18
TATAGAGTCGCTTGAA-1	T13	64	46
TATAGATGGTCGCAGT-1		40	102
TATAGCGCACGTTATC-1		47	7
TATAGGGTACTCATGA-1		36	20
TATATAGGGCTTTACG-1		63	33
TATATATCGAGAAATG-1		60	28
TATATCAAAGTGATCT-1		71	37
TATATCATTGATCAGT-1		30	6
TATATCCCTGGGAGGA-1		36	98
TATATGCTGGGTTGCC-1		23	7
TATATTACAAATGTCG-1		17	107
TATATTCGCGTCGATA-1		8	62
TATCAAAGGTCTGTAA-1		26	6
TATCACAGCACGGGCA-1		4	64
TATCACCATGTAAAGT-1		9	95
TATCACTTCGAGTAAC-1		17	99
TATCAGTGGCGTAGTC-1		54	8
TATCCAATTGGTTATC-1		55	79
TATCCATATCATGCGA-1		18	52
TATCCATCTCGGTTAG-1		61	17
TATCCGCACCGTCGGG-1	T22	59	53
TATCCTATCAACTGGT-1		69	59
TATCCTGCATGGGAAT-1		14	54
TATCGATCTATGCATA-1		22	88
TATCGATGATTAAACG-1		23	49
TATCTACAGAGGTAAT-1		30	24
TATCTAGCCTAAAGGA-1		34	12
TATCTGAGCCGATATT-1		64	8
TATCTTGCAATACAAC-1		56	16
TATGAAGAATTAAGGT-1		67	99
TATGAAGACAGGTGCG-1		29	21
TATGATAAATCTAACG-1		6	82
TATGATCCGGCACGCC-1		26	112
TATGATCTTCTCTTTA-1		58	90
TATGATTCTGCTTGGT-1		5	35
TATGCTCCCTACTTAC-1		25	61
TATGGAGTTTCTCGTT-1		6	32
TATGGATGTGCTACGC-1		26	54
TATGGCCCGGCCTCGC-1		30	30
TATGGCTAGGCTAATT-1		27	125
TATGGGACCGAGCAGG-1		36	56
TATGGGTACGTATCGT-1		32	58
TATGGTCTGAGTAACA-1		36	58
TATGGTTAGTGGGAGA-1		41	105
TATGTAAAGTGCTTAA-1	T13	66	44
TATGTAGAAACCCGGC-1		61	7
TATGTCAAGACCGACT-1	normal	20	92
TATGTCTCATTGTGCC-1		30	82
TATTAACACCAAAGCA-1		54	10
TATTAACCTGACCGCG-1	T13	57	45
TATTACCATCCTGCTT-1		38	96
TATTATGTTTGCCTGC-1		57	17
TATTCAATTCTAATCC-1		34	74
TATTCCACTCAGCTCG-1		49	57
TATTCCGAGCTGTTAT-1		54	86
TATTCCGGCAGTCCTA-1		5	57
TATTCCTCCGCCCACT-1		48	32
TATTCGTGCCAGAATA-1		34	64
TATTGACATTTCTGCC-1		35	117
TATTTAGTCTAGATCG-1		18	58
TATTTATACCGAGTAG-1		16	78
TATTTGTTACCCTTTA-1		24	46
TCAAACAACCGCGTCG-1		24	60
TCAAAGTCACGGCGTC-1		70	24
TCAAATTGTTGTGCCG-1		68	78
TCAAATTTGAGACTCA-1	T22	60	70
TCAACACATTGGGTAA-1		11	35
TCAACATAGCGCCCTA-1	T13	58	44
TCAACATCGACCGAGA-1		44	16
TCAACCATGTTCGGGC-1		25	51
TCAACGCAGGAAATAA-1		49	31
TCAACGCGACCGGCAG-1		39	23
TCAACTAACGTATAAC-1	T1	31	19
TCAACTGCAGAGTCAG-1		56	108
TCAAGAAATACTAGCT-1		34	108
TCAAGCTGCCTTGAAA-1		28	126
TCAAGGTTACTACACC-1		47	103
TCAATACGCCGTCATG-1	T23	63	61
TCACAAACCGAGGTAC-1		61	95
TCACAGATCCTCAAAC-1	T1	11	15
TCACAGCAAACTCGAA-1	T13	51	49
TCACAGGAGAATAAGA-1	T13	55	49
TCACAGGGAATCGCAA-1		47	79
TCACAGGTTATTGGGC-1	T14	32	48
TCACATCTTATCTGAT-1		28	20
TCACCGCTCGGCACTC-1		30	92
TCACGCATTGTAGATC-1		33	49
TCACGGCCCAAGAGAG-1		68	18
TCACGGTCATCGCACA-1		23	45
TCACTACGACCAATGC-1		13	95
TCACTATCGTGCAATC-1		4	34
TCACTCGTGCAACGGC-1		15	93
TCACTCTTCGTCTGTC-1		18	8
TCAGAACCTCCACAGG-1		30	106
TCAGACGCTATAGAAG-1		48	72
TCAGCAAATGCATCTC-1		31	73
TCAGCAGTAGGCCCTG-1	T13	61	41
TCAGCCAATCCGTAAA-1		63	105
TCAGGGCGACTTCCTT-1		24	4
TCAGGGCGCAAACTCG-1	T1	22	16
TCAGGGTGCACGAAAC-1		7	89
TCAGGGTGTAACGTAA-1		28	72
TCAGGTTCTTTGAGAA-1	T14	30	42
TCAGTACTGACCCGCG-1		26	34
TCAGTAGGGACTATAA-1		46	48
TCAGTGTATACGTCAT-1		58	36
TCAGTTACGGAATGAT-1		3	75
TCATACTTACAGATCC-1		22	24
TCATATGAGCTTTGTT-1	T23	64	62
TCATCACTCGAGCTCG-1		17	29
TCATCCCAGAGGGTGG-1		12	70
TCATCCTCAGCTGCTT-1		68	90
TCATCGATGGTCCCAA-1		57	29
TCATGCAGGTTCTCAT-1		18	84
TCATTCGTATAATTTG-1	T7	6	110
TCATTTAAGTCTCCGA-1		35	99
TCATTTAGAAGTGTGA-1		54	110
TCCAACTCAGCTATCT-1		67	91
TCCAACTTTAAATTCT-1		40	40
TCCAAGCCTAGACACA-1		67	79
TCCAATAAAGGCTACC-1	T22	63	53
TCCACAATGGTTTACG-1		30	36
TCCACATCGTATATTG-1		69	67
TCCACCTCTAGCCTTT-1	T22	61	53
TCCACTTTATCTAGGT-1		31	79
TCCAGGCGAGTACGGT-1		31	57
TCCAGGGTATATACGA-1	T22	61	63
TCCATCAATACTAATC-1		64	14
TCCATTAGTTGGATAG-1		6	26
TCCATTGTGACCTCGT-1		8	76
TCCCAAACAGACAACG-1		22	110
TCCCAAAGACGAAGGA-1		26	60
TCCCAAAGCCCTAAAT-1		39	117
TCCCACGGAGGGAGCT-1		1	75
TCCCACTCTCTTCCGG-1		31	107
TCCCAGCTTTAGTCTG-1		34	56
TCCCAGGCTTAGCTAA-1	T14	30	48
TCCCGCCTATGTGCGT-1		32	122
TCCCGCGTACTCCTGG-1		27	69
TCCCGGGTGTGCTGCT-1		34	34
TCCCGGTCAGGAATTT-1		8	36
TCCCGTCAGTCCCGCA-1	T5	23	75
TCCCGTCGCGTCATAG-1		29	115
TCCCGTGTGCAATTTG-1		44	80
TCCCTAGATCAATAGG-1		28	114
TCCCTGGCGTATTAAC-1		58	18
TCCCTGGCTCGCTGGA-1		33	27
TCCCTTAGATTACTCG-1		18	86
TCCGAACTTGGCTTAC-1		33	19
TCCGAATGGTCCTGAG-1		31	113
TCCGACCGCTAATCAA-1		70	36
TCCGAGAAGGCTAAGC-1		6	42
TCCGATAATTGCCATA-1		18	64
TCCGATGACTGAGCTC-1		22	76
TCCGATGGTGCGACAT-1		25	53
TCCGATTACATTGCCG-1		32	32
TCCGCAGCCACCTAGC-1	T1	13	7
TCCGCCTGTCTACAAG-1		56	74
TCCGCGGCAGCATCTG-1		34	84
TCCGCGGCCCAATGAA-1		53	99
TCCGCTGTCATCCCGG-1		47	81
TCCGCTTATCCCATTA-1		50	64
TCCGGAGGAAGGGCTG-1		14	108
TCCGGCCTGCATCGAT-1		2	82
TCCGGGCTTGACGGGA-1		66	96
TCCGGTTCGTCCGGTC-1	T13	51	53
TCCGTAACCACAATCC-1		20	16
TCCGTTAAGCTAATAT-1		52	100
TCCTAAATTGGGAAGC-1		56	70
TCCTAACCGTCGGGCA-1	T13	62	46
TCCTACATCCACGGCC-1		46	84
TCCTAGCAAAGAAGCT-1		41	41
TCCTCCTAAGACATTC-1	normal	47	21
TCCTCGGGCTGGGCTT-1		40	76
TCCTCTACGAGATGGC-1		26	32
TCCTCTCCAGTTGTCC-1	T1	30	20
TCCTCTGGCCCATTAG-1		10	88
TCCTGCCAACTGGAGA-1		12	90
TCCTGCGTTGATACTC-1		38	30
TCCTGGCGCTGCCTGG-1		12	106
TCCTTACGACGGTCCG-1		49	95
TCCTTCAGTGGTCGAA-1		15	69
TCCTTGTCCTTTAATT-1		69	69
TCCTTTAAATCCGCTT-1		56	92
TCCTTTCTTACGCTTA-1		30	62
TCGAAATTTAGGACCA-1	T14	29	45
TCGAAGAACCGAGCAC-1		45	99
TCGAATATCCCGCAGG-1		58	32
TCGACAACTGAACCCG-1		57	15
TCGACATAGCGTAGCG-1		72	30
TCGAGACCAACACCGT-1		37	55
TCGAGCCAGGCAGGCC-1		57	37
TCGATAGGCTAGTCGC-1		8	48
TCGCAAAGATGCATTT-1		47	75
TCGCACCAGGAGGCAG-1		50	80
TCGCATAAAGGGCGCA-1		63	111
TCGCATCCCTAAGTGT-1		15	31
TCGCATTCAATGACTT-1		9	37
TCGCCCAACTGACTCC-1		9	109
TCGCCGACATATTCGC-1		66	86
TCGCCGCACCGCGTGA-1		46	6
TCGCCGGATGGGCAAG-1		26	4
TCGCCGGTCGATCCGT-1		19	61
TCGCGTAGCAGTGTCC-1		57	99
TCGCGTCCAGAAGGTC-1		31	29
TCGCTAAACCGCTATC-1		19	89
TCGCTACTGGCTTTGA-1		65	73
TCGCTCGATATATTCC-1		29	63
TCGCTCGGCACCAGCG-1		24	108
TCGCTGGGCGGATTGT-1		28	74
TCGCTGTGCGTAAATC-1	T2	17	41
TCGCTTAATTACGAAG-1		13	121
TCGGAATGACCATCAA-1		6	76
TCGGAATGCGCTCTGA-1		30	28
TCGGACGCCCAGCCCA-1		33	79
TCGGAGAGTATCGGGA-1		45	23
TCGGAGTACATGAGTA-1		32	74
TCGGCGAACCCAAACC-1		49	105
TCGGCGTACTGCACAA-1		49	13
TCGGCTAACTTCCCTT-1		3	77
TCGGCTTGTATCGACG-1		58	96
TCGGGAACGTGCCTAG-1		31	109
TCGGGAGACAGCGTAC-1		59	71
TCGGGATTCAAACATA-1		39	15
TCGGGCACTTCTGGAT-1		2	46
TCGGGCCGTCGTGGTA-1		40	88
TCGGGTGAAACTGCTA-1		10	56
TCGGTCCCGACAATAG-1		57	23
TCGGTCCCTGACTCCA-1		10	90
TCGGTGACCGCTCCGG-1		15	109
TCGGTTAGCCATGTAG-1		5	95
TCGTAAGACGACATTG-1		27	77
TCGTAAGCTCCGAGGA-1		16	106
TCGTACCGACGTCAAG-1		68	56
TCGTATAGTGCAATTA-1		12	56
TCGTATCACCAAGCTA-1		0	110
TCGTATTACCCATTGC-1		37	25
TCGTATTTCGTCCGGA-1		5	81
TCGTCAAGTACGCGCA-1		56	38
TCGTCCGCTGGCGTCT-1	T2	22	40
TCGTCCGGGTACACTC-1		9	121
TCGTCTTAGGCGTTAA-1		53	83
TCGTGTACTATGGATG-1		47	77
TCGTGTCACGCTGACA-1		43	23
TCGTGTTCGACCACAA-1		57	105
TCGTTAGGAGTCCCTA-1	T13	52	54
TCGTTCGTTATTATGT-1		10	62
TCGTTGCTATCCGGTC-1	T13	54	46
TCGTTGGCTCGTCAAT-1		9	31
TCTAAAGAACAGTCTC-1		52	10
TCTAACTGTATGTAAA-1		27	11
TCTAATACTGCCTCAG-1		57	25
TCTACACGTTCATGCA-1		5	93
TCTACCCAATAGAGAG-1		56	106
TCTACCGTCCACAAGC-1		27	67
TCTAGCAATCTCCGCC-1		46	30
TCTAGCATCTTCGATG-1		23	43
TCTAGCATGCCCAGAA-1		48	66
TCTAGGTGGCGACGCT-1		29	99
TCTAGTGATATCGTGG-1		44	98
TCTAGTTATCAGAAGA-1		34	54
TCTATAGGTGGGTAAT-1		65	109
TCTATCATGCAGTTAC-1	T2	18	40
TCTATCGGTCGCAACA-1		22	64
TCTATGCTATAACGAC-1		64	94
TCTATTACGCTGGCGA-1		14	34
TCTATTACTAGAGGAT-1		41	15
TCTCATGAGATAGGGT-1		49	87
TCTCCAACGTAGGTTA-1		20	78
TCTCCACAAGTTGAAT-1		61	93
TCTCCCTGGGCAGCGT-1		54	80
TCTCGAACGAGGTCAC-1		12	94
TCTCGACGTATCGCCG-1		45	113
TCTCGAGGAGGTTCGC-1		52	112
TCTCGGCTCCAGGACT-1		13	23
TCTCGTGTTACGAGGA-1		45	5
TCTCTAATAGCTGGTA-1		20	52
TCTCTTACCGCGAACC-1	T13	65	43
TCTGAACCGGTCGGCT-1		21	37
TCTGAACTCGTACCCG-1		47	95
TCTGAAGCACGTGGTC-1		56	84
TCTGAATTCCGTACAA-1		34	94
TCTGACGGGCTAACCC-1		28	120
TCTGACTGTAATGGTT-1		6	14
TCTGAGCAATTGACTG-1		54	112
TCTGATCGGGTGCTAG-1		34	118
TCTGATGTATTCTGTC-1		51	83
TCTGCACCATTAGTAA-1		25	127
TCTGCAGATTCGAGTC-1		25	5
TCTGCATACCTTGCTT-1		61	99
TCTGCCAGAAACTGCA-1		41	79
TCTGCGTCCGGTTTCT-1		15	23
TCTGGCGCAAGCCGGG-1		34	6
TCTGGGAACCTTTGAA-1		40	98
TCTGGGTAGCGCTCAT-1		40	36
TCTGTCATACAAGAGC-1		10	44
TCTGTGATGGAGGTTG-1		6	114
TCTGTGCCATCATAGT-1		32	80
TCTGTGGCTACATTTC-1		3	47
TCTGTTACCCAGCATA-1		51	35
TCTTAACTCGGATGTA-1		16	2
TCTTACAGAGGTACCG-1	T3	15	45
TCTTACGGCATCCGAC-1		25	29
TCTTACTTATGCCTCT-1		45	93
TCTTAGAGCTCCAATT-1		40	108
TCTTAGAGTGAACTCT-1		43	99
TCTTCCCATGGGCACA-1		32	96
TCTTCGAATAGACGTT-1		39	71
TCTTCTATAACCCGCC-1		45	107
TCTTGCTCCCGATACT-1	T23	65	67
TCTTGGTAACACCAAA-1		21	65
TCTTTAAGACTATGAA-1		34	98
TCTTTAGAGTCTAACA-1		50	114
TCTTTAGCAGGCGAAC-1		34	116
TCTTTCTCTTAAGGAG-1		7	79
TGAAACTTATGCAAGC-1		11	73
TGAACAAGCAGGGACT-1		66	36
TGAAGAGCGGTCCTAG-1	T1	19	11
TGAAGTAGCTTACGGA-1		17	5
TGAATACCGACGCGTA-1		66	82
TGAATATGCTATAAAC-1		16	114
TGAATGAGTGTTTCCC-1		66	50
TGAATGTCAGCCGGCC-1	T10	47	109
TGACAGGACAAGTCCA-1		55	9
TGACATCGAGCGGACC-1		35	101
TGACATGTAACGTGAC-1		69	63
TGACCAAATCTTAAAC-1	T23	66	62
TGACCAGCTTCAAAGT-1		7	97
TGACCCACGTTAGACA-1		33	47
TGACCCAGCATTCCCG-1		3	105
TGACGAATATTTCCCT-1		44	22
TGACGATGCACTAGAA-1		37	95
TGACTATAATCCTTTC-1		46	68
TGACTCCGAATCATAC-1		62	16
TGAGAATGCTTTACCG-1		18	54
TGAGACGTACCTCTCA-1		39	5
TGAGAGATTTACCACG-1		41	91
TGAGATCAAATACTCA-1		7	63
TGAGATTAGGCCCTAA-1		16	94
TGAGCAGTCGTGAAGT-1		5	39
TGAGCCATACAGTCTC-1		42	38
TGAGCGGAAAGTGTTC-1	T22	55	65
TGAGCTTTAATGACGC-1		19	85
TGAGGAGTGCCAGCTT-1	T22	58	58
TGAGGCATGTACTGTG-1		56	8
TGAGGTGTGTGGCGGA-1	T13	70	52
TGAGTAAATTAGCGTA-1		47	57
TGAGTGCCTCTTAAAT-1		45	41
TGAGTGGTCCGTGACG-1		30	84
TGAGTTAAAGACATTC-1		48	112
TGATACATTTAGCCGT-1	T13	55	43
TGATAGCGGGATTCTA-1		28	12
TGATCACCACACTGAC-1	T13	69	51
TGATCAGGGAACTGCT-1		42	24
TGATCCCAGCATTAGT-1		27	107
TGATCGGTTTGACCCT-1		28	54
TGATCTACGCTGATCT-1		16	100
TGATCTCCGGCGCCAG-1		28	50
TGATGGCTGTTTCTGA-1		30	114
TGATGTCAATTAAGTG-1		59	103
TGATTCAGGTCCCGCG-1		48	8
TGATTCCCGGTTACCT-1	T22	64	50
TGATTCGTCTATCACT-1	T14	31	41
TGATTCTGTCGCCGGT-1		48	44
TGATTTATTAGCTGTG-1		38	34
TGATTTCCTCCTGACG-1		16	34
TGCAACCCATCTGCGG-1		60	90
TGCAAGAATGACGTAA-1		30	60
TGCAATCTAACACGGT-1		62	90
TGCAATTTGGGCACGG-1		14	104
TGCACAGTGAAGTTAT-1		12	100
TGCACGAGTCGGCAGC-1		6	66
TGCACTATGTGAGTGC-1		17	13
TGCAGAACTATATCGT-1		42	22
TGCAGAGTACCGAGCA-1	T14	38	46
TGCAGATCGTCCTAGG-1		42	18
TGCAGCTACGTACTTC-1		42	16
TGCAGGATCGGCAAAG-1	T5	24	74
TGCAGTGGTAGGGAAC-1		68	20
TGCAGTTTCCTCCCAT-1		40	90
TGCATGGATCGGATCT-1		19	67
TGCATGGCAGTCTTGC-1		1	105
TGCATGTGACCCATAG-1		68	38
TGCATGTGGTAATCTA-1		29	81
TGCCAAAGTCAGACTT-1		43	19
TGCCAATGGGTACTCT-1	T13	54	52
TGCCACCTGGCGAAAC-1		20	76
TGCCAGTACGTGGAGA-1		51	71
TGCCATGGCTTATAAG-1		4	96
TGCCATTACTAAAGAA-1		21	87
TGCCCGTACCGTTAAA-1		45	75
TGCCGAAAGCGTATTC-1		33	119
TGCCGGATGTACGAGC-1		62	34
TGCCGTGGATCGTCCT-1	T22	57	63
TGCCTAATTGAAGATT-1		55	105
TGCCTGACATCGGTCA-1		16	20
TGCCTGATCAAACGAT-1		20	70
TGCCTTGGCCAGGCAA-1		52	82
TGCGAATATGGGATTT-1		45	13
TGCGACACCCTAGTGC-1		46	46
TGCGACGGCCGAACGT-1		60	32
TGCGAGAATATTACCC-1		50	40
TGCGAGATGGCGGCCA-1	T7	11	115
TGCGAGCCCTTCCGCG-1		12	102
TGCGATGCTAATGGCT-1	T1	21	11
TGCGCGATTAACGGAG-1		27	41
TGCGGACTTGACTCCG-1		68	76
TGCGGAGTAAAGGTGC-1		22	70
TGCGGCATAGTTCAAC-1		12	54
TGCGGGTATTGGGATC-1		1	71
TGCGGTCTACGAGTAA-1		0	94
TGCGGTGAAATTTCAT-1		12	66
TGCGTAAGAACCTGAT-1		43	43
TGCGTACGGCTAATTG-1		67	101
TGCGTCATGACTGAGC-1		53	21
TGCGTGATTGGGTGTC-1	T1	11	17
TGCTATACAAACGGAC-1		5	55
TGCTATGGCAAAGGGA-1		70	26
TGCTCACACAACAACC-1		2	108
TGCTCCACAGTTCTTA-1		45	95
TGCTCGGCGAAACCCA-1	T22	57	61
TGCTCGGTGGGTCACC-1		66	72
TGCTCTGCCGGTTCAC-1		27	127
TGCTCTTGAGAGTTTG-1	T23	64	70
TGCTGCGTCAGAGTTA-1	T7	10	124
TGCTGGTTGGACAATT-1	T2	21	41
TGCTGTTGAAGAACTC-1	normal	38	66
TGCTTAGAGAGAATGC-1		62	26
TGCTTCCCAAGCAGTA-1		62	66
TGCTTGAAACCATGCA-1		9	17
TGGAAACGGAGTGAAC-1		6	16
TGGAAGAAGGGAACGT-1		39	35
TGGAAGACGAACACCA-1		14	46
TGGAAGGATAAAGATG-1		20	68
TGGAATATCCTTGACC-1		23	107
TGGACACCGTTGCTTG-1	T1	20	10
TGGACCAATCTAAGAT-1	T21	62	80
TGGACCACGGCGTTGA-1		7	19
TGGACGCAATCCAGCC-1		58	20
TGGACGTAGGCGAATC-1	T1	9	7
TGGACTGTTCGCTCAA-1		37	73
TGGAGCTAAAGTTCCC-1		6	68
TGGAGTGATGCGATGA-1	T14	29	41
TGGATAGAGTAACAGA-1		10	14
TGGCAAACTAAATTAC-1		50	78
TGGCAACTCGCGCGCC-1		22	86
TGGCAAGCACAAGTCG-1		66	56
TGGCAATGGGACGGCG-1		54	106
TGGCACGAGCTCGAGT-1		5	99
TGGCATGAAGTTTGGG-1		56	12
TGGCCAAACTGAAGTA-1		28	76
TGGCCAATTTGGTACT-1		49	11
TGGCCGTATATTGACC-1		26	38
TGGCGACTGCTCCAAA-1	T13	55	47
TGGCGATCAAGTTATG-1	T13	51	55
TGGCGGTGTGCGATTG-1		7	43
TGGCTACACTCTACCT-1		64	100
TGGCTATGTGACATAC-1	T21	60	82
TGGCTCTTGTCGCGTA-1		42	12
TGGCTTGTACAAGCTT-1		16	116
TGGCTTTGGGTAGACA-1		19	51
TGGGAAATGCCTTTCC-1		23	27
TGGGATGCACTCATTC-1		12	98
TGGGCAATAGTTGGGT-1	T10	46	108
TGGGCACAAACAGAAC-1		8	46
TGGGCACGTTCTATGG-1		15	73
TGGGCCACAAGAGCGC-1		18	72
TGGGCCCATACTAATT-1		47	89
TGGGCCTTGCCTGCAT-1		8	10
TGGGCGATACAATAAG-1		68	62
TGGGTAAGGTTCCCGC-1		13	79
TGGGTGCACAAGCCAT-1		69	85
TGGGTTTCGGGCGTAC-1		71	25
TGGTAAGCAGGATTGA-1		41	11
TGGTAGAATATATGGG-1	normal	48	100
TGGTATCGCATCCCAA-1		8	68
TGGTATCGGTCTGTAT-1		7	59
TGGTCCCACGCTACGG-1		52	74
TGGTCGTGCAAGGCAA-1		41	7
TGGTCGTTTGATAGAT-1		2	106
TGGTCTAGCTTACATG-1		21	5
TGGTCTGTTGGGCGTA-1		37	29
TGGTGATCGTATTTGT-1	T1	26	16
TGGTTAACTTACATTT-1		60	8
TGGTTCAACGGGTAAT-1		50	74
TGGTTCGTAGCAAAGG-1		23	55
TGGTTGGAGGATCCTG-1		11	91
TGGTTTAAACGTGGGT-1		24	112
TGTAATGACCACAATA-1		36	14
TGTAATGCCTTCGGAC-1		3	107
TGTACCTACACGAGGG-1		59	91
TGTACGCTATCAGCTT-1		0	84
TGTACTACTCTCACGG-1		20	120
TGTACTGTGCCAAAGT-1		5	43
TGTAGCCATCCCATTC-1		62	112
TGTAGGAGAAATTTCC-1		34	86
TGTAGTGATCTATAAT-1		35	33
TGTATAACAGATCCTG-1		29	79
TGTATACGGATGATGA-1		25	125
TGTATCAGACTGAAGC-1		10	110
TGTATCCTTATTCCAT-1		10	50
TGTATGGCGCAGACAG-1		43	93
TGTATTTACCTAATGC-1		10	102
TGTCATTTGTTGGGAA-1		21	109
TGTCCACGGCTCAACT-1		65	101
TGTCCCGACATAGCAC-1		11	57
TGTCCGTGGCGCCTTT-1	T1	30	18
TGTCCTAAGTCACCGC-1		34	30
TGTCGGCATGGTGGAA-1		9	23
TGTCGTTATCACATAT-1		61	15
TGTCTACAGTTTCTGT-1		11	53
TGTGACTACGCCAGTC-1		21	73
TGTGAGACTAGCCCAA-1	T22	59	63
TGTGATTCCAGCGCTT-1		0	86
TGTGCCGGTGCCGGAA-1		53	97
TGTGCTTTACGTAAGA-1		36	18
TGTGGAGGAAGCTTAA-1		2	56
TGTGGCGGGCTTCTGG-1		65	59
TGTGGTTGCTAAAGCT-1	T13	65	49
TGTGTCGCGAGTTGCA-1		24	36
TGTGTTCGTATCCAAG-1	T1	31	21
TGTTATTGTATGTGGC-1		44	86
TGTTCATAAATGTGCT-1		26	8
TGTTCCGCTTCCATGA-1	T14	36	44
TGTTCCGGCCTGAGCT-1		70	66
TGTTCGTATTGCGGTG-1		49	61
TGTTCTCTACTCCCTA-1		13	123
TGTTCTTCCATTGACT-1		33	43
TGTTGTCAAGAAGTCT-1	T20	24	82
TGTTTAATACTTCATC-1		9	77
TGTTTCGGTACTTCTC-1		18	56
TGTTTGAGATCGTCAG-1		49	115
TTAAACAGAGTCCCGC-1		9	27
TTAAACCGGTAGCGAC-1		8	52
TTAAACCTGGTTCCTT-1		26	12
TTAAACTCGAATTCAT-1		31	95
TTAACACCTCGAACAT-1		24	22
TTAACCAACCCTCCCT-1		19	55
TTAACGTCGCAAGACC-1		10	54
TTAACGTTAAAGCCTG-1		36	4
TTAACTTCAGGTAGGA-1		46	26
TTAAGACGAACGAACC-1		6	96
TTAAGATAGGATTGAC-1		43	101
TTAAGCCGACAACTTC-1		13	77
TTAAGCGCCTGACCCA-1	T14	30	44
TTAAGGATACGGAGGT-1		7	39
TTAAGGCCCGTACTTT-1		59	25
TTAAGTATTGTTATCC-1		64	90
TTAATCAGTACGTCAG-1		18	76
TTAATGCGAGGTAACT-1		4	70
TTAATGTGTTTGCAGG-1	T1	12	6
TTAATTGCTTTGGGTG-1		62	76
TTAATTTCAGACGCGG-1		17	69
TTACAACTACGCATCC-1		24	52
TTACACGATCTGCGAC-1		62	110
TTACATCGTGGCCTGG-1	T2	20	36
TTACATGCCACAACTA-1		41	103
TTACCATTGATTACCC-1		34	28
TTACCCATTGCCGGGT-1		17	85
TTACCCTAACAGTCCT-1		24	24
TTACCCTAGGGATTGG-1	T22	60	58
TTACCGCCTTAGGGAA-1		11	21
TTACGGATGGTTCGAG-1		33	93
TTACGGTGTCACCGAG-1		5	37
TTACGTAGCGCGTGCT-1		2	100
TTACTAAAGGACTTTA-1		48	78
TTACTATCGGCTTCTC-1		34	16
TTACTCCGGCCGGGAA-1		34	78
TTACTCTGGTACGTAC-1		43	31
TTACTGTCTAGAGCTC-1		19	115
TTACTGTTTCTCTACG-1		2	68
TTAGAAGAACATGACT-1		52	64
TTAGAATAAGGGTCGG-1	T13	61	45
TTAGACACGATCGTTG-1		16	86
TTAGACGAGTCACCTC-1		48	80
TTAGAGTTTAGAAGGA-1		46	86
TTAGATAGGTCGATAC-1		13	21
TTAGCAACATGGATGT-1		20	28
TTAGCTCTGTAATCCG-1		31	15
TTAGCTGATTTGCCGT-1		38	94
TTAGGTCATAACCGAC-1	T13	58	38
TTAGTAAACCTGCTCT-1		62	94
TTAGTAGGGCGGCGGG-1		34	26
TTAGTTATTCGTGGCA-1		47	91
TTAGTTCAAGTGTTCG-1		22	112
TTATAGATGCACATTA-1		5	53
TTATAGGTAATTGTCT-1		61	73
TTATAGTCCAAGGTGC-1	T7	5	107
TTATATACGCTGTCAC-1		38	74
TTATATTTGGCAATCC-1		26	64
TTATCCAATCGAACTC-1		13	33
TTATCCTCAAGGAATA-1		52	18
TTATCGCCTGCGAAGC-1	T1	27	17
TTATCTGACATTAGGA-1		46	8
TTATCTGTATCATAAC-1		22	60
TTATGACAAACTGGAT-1		27	35
TTATGCGTCCCGGTCC-1		7	45
TTATGTTTGCGATAGA-1		26	20
TTATTAGAGCGTGTTC-1		46	70
TTATTAGGGAAGCATC-1		15	59
TTCAAAGTCTCTAGCC-1		35	75
TTCAACGACCCGACCG-1		20	48
TTCAAGCCGAGCTGAG-1		13	75
TTCAATACTCTGAATC-1	normal	38	86
TTCAATTAGCCATAAT-1		7	77
TTCACGAAAGGATCAC-1		38	54
TTCACGGTCGTCACGT-1		71	27
TTCACTCGAGCACCTA-1	T22	55	69
TTCACTTCCTAGAACG-1	T22	67	51
TTCAGAGTAACCTGAC-1		6	22
TTCAGCCCTGGTCCAC-1		47	85
TTCAGCTGGCGTGCCC-1		55	95
TTCAGGCGTCAAAGCC-1		40	16
TTCAGTTCAAGAGGAG-1		72	38
TTCAGTTTGTGGCAGC-1		27	7
TTCATAGCCTTGTAAC-1		7	15
TTCATAGGGTGTCCAT-1		16	4
TTCATGGCGCAACAGG-1		19	75
TTCCAATCTGGCTATC-1		48	46
TTCCACACAGATTTGA-1	T13	50	46
TTCCACATTTCTCGTC-1		1	77
TTCCAGACGAGATTTA-1		39	111
TTCCATCATGCGGTGA-1		13	99
TTCCATCGACAGCGTG-1		61	107
TTCCCGACGCTTCACT-1		1	89
TTCCCGGCGCCAATAG-1		46	12
TTCCGCGTGAGGCGAT-1		46	64
TTCCGGCCTTGAGGCT-1	T13	54	44
TTCCGGTATCTGTGTC-1		41	115
TTCCGGTTACCCACTT-1		45	87
TTCCTCGAGGGTGTCT-1		21	49
TTCCTCGGACTAACCA-1		50	86
TTCCTCTGCCCGAATA-1		35	15
TTCCTTTCTGTGTTGC-1		11	25
TTCGACAGAGCCCGTG-1		52	68
TTCGACGGGAAGGGCG-1		24	44
TTCGAGCCGGCGCTAC-1		9	123
TTCGCACTCGCGTGCT-1		25	45
TTCGCACTGTACGACA-1		61	59
TTCGCATCCGGAAGCA-1		11	19
TTCGCCGCTCGCGCTA-1		57	9
TTCGCGCGCCATACGA-1	T13	59	47
TTCGCTAGGAAGTTGT-1		41	117
TTCGGACTGATGCCTT-1		7	99
TTCGGCAACCCGCTGA-1		16	88
TTCGGCTAGAGATGGT-1		18	24
TTCGGGACTAATCGCG-1		36	72
TTCGGGCGCTAGTCTT-1		55	37
TTCGGTACTGTAGAGG-1	T23	67	63
TTCGTAATCCCAGCGG-1		12	86
TTCGTACTCCAGAACG-1		29	29
TTCGTTCAACGAAGTT-1		23	105
TTCTAACCGAAGCTTA-1		34	90
TTCTACCTCAATCGGT-1		69	23
TTCTACCTTTATGTTG-1		6	84
TTCTACTTGCGAGGGC-1		22	32
TTCTAGAAAGTCTTAT-1	T13	60	46
TTCTAGGCCAATTGTG-1		22	44
TTCTATGCCTTTCGCA-1		29	121
TTCTATTAAACGCAGC-1		67	55
TTCTCTTACAGGTGAT-1		62	8
TTCTGACCGGGCTCAA-1		52	84
TTCTGCCGCGCCTAGA-1		49	69
TTCTGCGAGCGCCCTT-1		33	17
TTCTGCGGGTTAGCGG-1		40	80
TTCTGCTAGACTCCAA-1		28	106
TTCTGTTTCCTGTCGC-1	T1	20	12
TTCTTAGTGAACGGTG-1	T2	18	34
TTCTTAGTGGCTCAGA-1		17	61
TTCTTATCCGCTGGGT-1		49	101
TTCTTCCCTTTGATAT-1		2	70
TTCTTCGCAATAGAGC-1		1	85
TTCTTGAGCCGCGCTA-1		47	41
TTCTTGCTAGCATCTC-1		40	110
TTCTTGGACGATCTGC-1		52	32
TTCTTGGAGTAATGAG-1	T19	21	79
TTCTTGTAACCTAATG-1		23	35
TTCTTGTGTCCATCAG-1		30	8
TTCTTTGGTCGCGACG-1		24	104
TTGAAAGGTGTAAAGG-1		13	103
TTGAACGAATCCTTTG-1		19	21
TTGAACGACGTGCTGA-1		60	88
TTGAAGAATTCCCAGG-1		32	50
TTGAAGGATGGGCGCC-1		62	12
TTGAATATGGACTTTC-1		34	76
TTGAATCGTTGTATAA-1		48	10
TTGAATTCACGTGAGG-1		39	97
TTGACAGGAGCTCCCG-1	normal	47	99
TTGACATGAACGTGGA-1		44	32
TTGACCAGGAACAACT-1		64	80
TTGACCATGTTCTCCG-1		24	78
TTGACCGTGTTAATGA-1		50	34
TTGACGATTCAGCACG-1		9	51
TTGACGCTCCATGAGC-1		41	101
TTGACTACCATATGGT-1		43	41
TTGACTATTGTCCGGC-1		46	104
TTGAGAAGTTTAGCAT-1		55	87
TTGAGAGTACTGCTAA-1		44	38
TTGAGCAGCCCACGGT-1		44	116
TTGAGCGCCACGTGAT-1		38	118
TTGAGGCATTTAACTC-1		7	91
TTGAGTCCCGCTGCTG-1		39	119
TTGATAGTCAATACAT-1		27	115
TTGATCTAACTTTGTC-1	T14	29	47
TTGATGCCGCTCGTCG-1		70	34
TTGATTAGCTGTTTCT-1		48	34
TTGATTATGCAGATGA-1		27	33
TTGCAAGAAGACTCCT-1		70	68
TTGCACGGAGCAGCAC-1		21	59
TTGCAGGTCATGAAGT-1	T6	0	106
TTGCATGCTGATCACG-1		41	35
TTGCCAAGCAGAACCC-1		44	114
TTGCCATAGCCCGCTC-1		54	24
TTGCCCTGATCACGGG-1		36	34
TTGCCGCAGACCTACA-1		62	18
TTGCCGCTTTCTAGTA-1	T21	62	78
TTGCCGGTGATCCCTC-1		11	97
TTGCCTAATCCAAAGT-1		69	21
TTGCGCTCTCTCGCTT-1		22	4
TTGCGGCATCAGAAAG-1	T13	53	45
TTGCGGCGACTCATGC-1		2	66
TTGCGTAGTTTGAGGA-1		25	19
TTGCGTCGGCCAACCG-1		51	41
TTGCGTGAACGCTTAG-1		14	96
TTGCTCATAGTACGTG-1	normal	67	107
TTGCTCCCATACCGGA-1		22	72
TTGCTGAAGGAACCAC-1		19	57
TTGCTGATCATGTTCG-1		33	57
TTGCTGCACCTATCCA-1		22	20
TTGCTGGCCGGGCTTC-1		8	78
TTGGAAGAATACAGTC-1		50	24
TTGGACATGTGGCTTA-1		41	29
TTGGACCATCTGGCAA-1		51	105
TTGGACCTATAACAGT-1		56	86
TTGGAGTCTCCCTTCT-1		8	44
TTGGATATCGTCTACG-1		48	52
TTGGATCGACTTCTGG-1		10	60
TTGGATTGGGTACCAC-1		17	55
TTGGCCATCTTGCGCT-1		17	21
TTGGCCTAGAATTTCG-1		16	82
TTGGCGATCCGAATAT-1		35	121
TTGGCTCGCATGAGAC-1		23	37
TTGGGAAGACGAGCCG-1		68	64
TTGGGACACTGCCCGC-1		28	70
TTGGGACGTAAGAGTT-1		51	109
TTGGGCGGCGGTTGCC-1		30	76
TTGGTATGGCTTGTGT-1		33	117
TTGGTCACACTCGTAA-1		48	48
TTGGTTGCGGTGCGCG-1		53	23
TTGTAACTTCATAGCG-1		2	110
TTGTAAGGACCTAAGT-1		46	32
TTGTAAGGCCAGTTGG-1		27	81
TTGTAATCCGTACTCG-1		35	55
TTGTATCACACAGAAT-1		12	74
TTGTCGTTCAGTTACC-1		22	58
TTGTGAACCTAATCCG-1		56	90
TTGTGAGGCATGACGC-1		43	13
TTGTGCAGCCACGTCA-1	T21	60	74
TTGTGGCCCTGACAGT-1		18	60
TTGTGGTAGGAGGGAT-1		50	28
TTGTGGTATAGGTATG-1		24	126
TTGTGGTGGTACTAAG-1		63	95
TTGTGTATGCCACCAA-1	T22	56	60
TTGTGTTTCCCGAAAG-1		51	59
TTGTTAGCAAATTCGA-1		22	42
TTGTTCAGTGTGCTAC-1	T4	24	64
TTGTTCTAGATACGCT-1		21	3
TTGTTGTGTGTCAAGA-1		31	77
TTGTTTCACATCCAGG-1	T13	58	42
TTGTTTCATTAGTCTA-1		60	30
TTGTTTCCATACAACT-1		45	27
TTGTTTGTGTAAATTC-1		7	51
